Price,Model,CPU,Graphics,RAM,HDD,SSD,Display,Battery,Weight,Thickness,Budget,Rate_From_10,Image_Url,Best_For,Final_Budget,Notes,Brand,Type
$1005,Asus Zenbook UX430UA,i7-8550U,Intel UHD Graphics 620,16GB,-,512GB,"14"" 1920x1080 IPS",9 hrs,2.75 lbs,0.6 in,Medium/Med-High,7,http://lappylist.com/images/laptop/Asus%20Zenbook%20UX390UA.jpg,"programming,mainstream",$1005 'Medium/Med-High',"programming,mainstream",Asus,Top
$1007,Lenovo ThinkPad T470p*,i5-7300HQ,Intel Graphics 630,8GB,500GB 7200RPM,-,"14"" 1920x1080 IPS",12.5 hrs,4 lbs,0.94 in,Medium/Med-High,9,http://lappylist.com/images/laptop/Lenovo%20Thinkpad%20460p.jpg,programming,$1007 'Medium/Med-High',programming,Lenovo,Top
$1046,Dell Latitude 15 E5580*,i5-7200U,Intel Graphics 620,8GB,500GB 7200RPM,-,"15.6"" 1920x1080 IPS",7 hrs,4.19 lbs,0.9 in,Medium/Med-High,10,http://www.lappylist.com/images/laptop/Dell%20Latitude%20E5550.jpg,programming,$1046 'Medium/Med-High',programming,Dell,Top
$1049,Dell XPS 13 9370 Dev. Edition,i5-8250U,Intel UHD Graphics 620,8GB,-,128GB PCIe,"13.3"" 1920x1080 IPS",22 hrs,2.67 lbs,0.46 in,Medium/Med-High,9,http://lappylist.com/images/laptop2018/Dell%20XPS%2013%209370%20Dev.jpg,programming,$1049 'Medium/Med-High',programming,Dell,Top
$1055,Lenovo ThinkPad T470s*,i5-7200U,Intel Graphics 620,8GB,-,128GB,"14"" 1920x1080 IPS",12.5 hrs,2.9 lbs,0.79 in,Medium/Med-High,9,http://www.lappylist.com/images/laptop/Lenovo%20ThinkPad%20T450s.jpg,programming,$1055 'Medium/Med-High',programming,Lenovo,Top
$1071,Lenovo ThinkPad Yoga 460*,i5-6200U,Intel Graphics 520,8GB,-,128GB,"14"" 1920x1080 IPS Touch w/ Pen",10 hrs,3.9 lbs,0.74 in,Medium/Med-High,8,http://lappylist.com/images/laptop/Lenovo%20ThinkPad%20Yoga%2015.jpg,convertible,$1071 'Medium/Med-High',convertible,Lenovo,Top
$1080,MSI GF63 THIN 9SC-614,Core i5-9300H,NVIDIA GTX 1650 4GB,8GB,-,512GB,"15.6"" 1920x1080 60Hz IPS",7 hrs,7.53 lbs,0.85 in,Medium/Med-High,7,https://lappylist.com/images/2020_laptop/MSI_GF63_THIN_9RCX_818.jpg,gaming,$1080 'Medium/Med-High',gaming,MSI,Top
$1099,HP Spectre 13,i7-7500U,Intel Graphics 620,8GB,-,256GB PCIe,"13.3"" 1920x1080 IPS",10 hrs,2.45 lbs,0.41 in,Medium/Med-High,9,http://lappylist.com/images/laptop/HP%20Spectre%2013.jpg,ultraportable,$1099 'Medium/Med-High',ultraportable,HP,Top
$1099,Lenovo Legion Y545 1650,Core i7-9750H,NVIDIA GTX 1650 4GB,16GB,1TB,256GB,"15.6"" 1920x1080 60Hz IPS",4 hrs,5.10 lbs,1.05 in,Medium/Med-High,8,https://lappylist.com/images/2020_laptop/Lenovo_Legion_Y545.jpg,gaming,$1099 'Medium/Med-High',gaming,Lenovo,Top
$1119,Dell XPS 15 9560 (i5 refurb),i5-7300HQ,Nvidia GTX 1050,8GB,-,256GB PCIe,"15.6"" 3840x2160 IPS Touch",6 hrs,4.3 lbs,0.67 in,Medium/Med-High,10,http://lappylist.com/images/laptop/Dell%20XPS%2015%209560.jpg,"programming,mainstream",$1119 'Medium/Med-High',"programming,mainstream",Dell,Top
$1149,Dell G5 15,Core i7-10750H,NVIDIA GTX 1650Ti 4GB,16GB,-,512GB,"15.6"" 1920x1080 60hz",7 hrs,5.5 lbs,1.22 in,Medium/Med-High,7,https://lappylist.com/images/2020_laptop/Dell_G5_15.jpg,gaming,$1149 'Medium/Med-High',gaming,Dell,Top
$1149,Dell XPS 13 9370,i5-8250U,Intel UHD Graphics 620,8GB,-,128GB PCIe,"13.3"" 1920x1080 IPS",22 hrs,2.67 lbs,0.46 in,Medium/Med-High,9,http://lappylist.com/images/laptop2018/Dell%20XPS%2013%209370.jpg,"programming,mainstream",$1149 'Medium/Med-High',"programming,mainstream",Dell,Top
$1151,Lenovo ThinkPad Yoga 260*,i5-6200U,Intel Graphics 520,8GB,-,128GB,"12.5"" 1920x1080 IPS Touch w/ Pen",10 hrs,2.9 lbs,0.7 in,Medium/Med-High,9,http://lappylist.com/images/laptop/Lenovo%20ThinkPad%20Yoga.jpg,convertible,$1151 'Medium/Med-High',convertible,Lenovo,Top
$1159,HP OMEN 15,Ryzen 7 4800H,NVIDIA GTX 1660 Ti 6GB,16GB,-,1TB,"15.6"" 1920x1080 144Hz IPS",6.5 hrs,5.22 lbs,0.90 in,Medium/Med-High,8,https://lappylist.com/images/2020_laptop/HP_OMEN_15.jpg,gaming,$1159 'Medium/Med-High',gaming,HP,Top
$1178,Acer Predator Helios 300,Core i7-10750H,NVIDIA RTX 2060 6GB,16GB,-,512GB,"15.6"" 1920x1080 144Hz IPS",3 hrs,5.07 lbs,0.90 in,Medium/Med-High,7,https://lappylist.com/images/2020_laptop/Acer_Predator_Helios_300.jpg,gaming,$1178 'Medium/Med-High',gaming,Acer,Top
$1186,Asus TUF A15 2060,Ryzen 7 4800H,NVIDIA RTX 2060 6GB,16GB,-,1TB,"15.6"" 1920x1080 144Hz IPS",8.5 hrs,5.07 lbs,0.98 in,Medium/Med-High,8,https://lappylist.com/images/2020_laptop/Asus_TUF_A15.jpg,gaming,$1186 'Medium/Med-High',gaming,Asus,Top
$1199,Asus TUF FX505,Ryzen 7 R7-3750H,NVIDIA RTX 2060 8GB,16GB,-,512GB,"15.6"" 1920x1080 60Hz IPS",4.5 hrs,4.85 lbs,1.00 in,Medium/Med-High,8,https://lappylist.com/images/2020_laptop/Asus_TUF_FX505.jpg,gaming,$1199 'Medium/Med-High',gaming,Asus,Top
$1199,Lenovo Legion Y540,Core i7-9750H,NVIDIA GTX 1650 4GB,24GB,1TB,512GB,"15.6"" 1920x1080 60Hz IPS",5 hrs,9.38 lbs,1.02 in,Medium/Med-High,8,https://lappylist.com/images/2020_laptop/Lenovo_Legion_Y540.jpg,gaming,$1199 'Medium/Med-High',gaming,Lenovo,Top
$1199,Lenovo Yoga 910 13,i7-7500U,Intel Graphics 620,8GB,-,256GB,"13.3"" 3200x1800 IPS Touch",10 hrs,2.8 lbs,0.59 in,Medium/Med-High,8,http://lappylist.com/images/laptop/Lenovo%20IdeaPad%20Yoga%20900.jpg,convertible,$1199 'Medium/Med-High',convertible,Lenovo,Top
$1202,Asus Zenbook UX303UB,i7-6500U,Nvidia GT 940M,12GB,-,512GB,"13.3"" 3200x1800 IPS Touch",7 hrs,3.2 lbs,0.76 in,Medium/Med-High,8,http://lappylist.com/images/laptop/ASUS%20Zenbook%20UX303LA.jpg,ultraportable,$1202 'Medium/Med-High',ultraportable,Asus,Top
$1229,Lenovo ThinkPad X1 Carbon,i5-7200U,Intel Graphics 620,8GB,-,128GB,"14"" 1920x1080 IPS",15.5 hrs,2.49 lbs,0.6 in,Medium/Med-High,10,http://lappylist.com/images/laptop/Lenovo%20ThinkPad%20X1%20Carbon%205th%20gen.jpg,programming,$1229 'Medium/Med-High',programming,Lenovo,Top
$1246,LG Gram 15 (8th Gen),i5-8250U,Intel UHD Graphics 620,8GB,-,256GB,"15.6"" 1920x1080 IPS",19 hrs,2.4 lbs,0.7 in,Medium/Med-High,7,http://lappylist.com/images/laptop2018/LG%20Gram%2015.jpg,mainstream,$1246 'Medium/Med-High',mainstream,LG,Top
$1249,Lenovo Yoga 900s,m7-6Y75,Intel Graphics 515,8GB,-,256GB PCIe,"12.5"" 2560x1440 IPS Touch",10.5 hrs,2.2 lbs,0.5 in,Medium/Med-High,8,http://lappylist.com/images/laptop/Lenovo%20Yoga%20900s.jpg,convertible,$1249 'Medium/Med-High',convertible,Lenovo,Top
$1279,Dell Latitude 15 E5590*,i5-8250U,Intel UHD Graphics 620,8GB,-,256GB PCIe,"15.6"" 1920x1080 IPS",7 hrs,4.14 lbs,0.8 in,Medium/Med-High,10,http://www.lappylist.com/images/laptop/Dell%20Latitude%20E5550.jpg,programming,$1279 'Medium/Med-High',programming,Dell,Top
$1279,HP Elitebook 1040 G4,i5-7200U,Intel Graphics 620,8GB,-,128GB,"14"" 1920x1080 IPS",18 hrs,2.99 lbs,0.63 in,Medium/Med-High,9,http://lappylist.com/images/laptop/HP%20Elitebook%201040%20G3.jpg,programming,$1279 'Medium/Med-High',programming,HP,Top
$1298,Asus ROG Zephyrus G14,Ryzen 9 4900HS,NVIDIA RTX 2060 6GB,16GB,-,1TB,"14.0"" 1920x1080 120hz IPS",7 hrs,3.64 lbs,0.70 in,Medium/Med-High,8,https://lappylist.com/images/2020_laptop/Asus_ROG_Zephyrus_G14.jpg,gaming,$1298 'Medium/Med-High',gaming,Asus,Top
$1299,Dell XPS 15 9560 (i5),i5-7300HQ,Nvidia GTX 1050,8GB,-,256GB,"15.6"" 3840x2160 IPS Touch",6 hrs,4.5 lbs,0.67 in,Medium/Med-High,10,http://lappylist.com/images/laptop/Dell%20XPS%2015%209560.jpg,"programming,mainstream",$1299 'Medium/Med-High',"programming,mainstream",Dell,Top
$1299,Microsoft Surface Pro,i5-7300U,Intel Graphics 620,8GB,-,256GB,"12.3"" 2736x1824 IPS Touch",13.5 hrs,1.73 lbs,0.33 in,Medium/Med-High,9,http://lappylist.com/images/laptop/Microsoft%20Surface%20Pro%204.jpg,ultraportable,$1299 'Medium/Med-High',ultraportable,Microsoft,Top
$1322,Lenovo ThinkPad 370*,i5-7200U,Intel Graphics 620,8GB,`,128GB,"13.3"" 1920x1080 IPS Touch w/ Pen",12.5 hrs,3.03 lbs,0.7 in,Medium/Med-High,9,http://lappylist.com/images/laptop/Lenovo%20ThinkPad%20Yoga%20370.jpg,convertible,$1322 'Medium/Med-High',convertible,Lenovo,Top
$1327,Lenovo ThinkPad P40 Yoga,i7-6500U,Nvidia Quadro M500M,8GB,-,256GB,"14.1"" 1920x1080 IPS Touch w/ Pen",8 hrs,3.96 lbs,0.78 in,Medium/Med-High,10,http://lappylist.com/images/laptop/Lenovo%20ThinkPad%20P40%20Yoga.jpg,convertible,$1327 'Medium/Med-High',convertible,Lenovo,Top
$1399,Dell XPS 15 9560 (i7 refurb),i5-7700HQ,Nvidia GTX 1050,16GB,-,512GB PCIe,"15.6"" 3840x2160 IPS Touch",6 hrs,4.3 lbs,0.67 in,High/Extreme-High,10,http://lappylist.com/images/laptop/Dell%20XPS%2015%209560.jpg,"programming,mainstream",$1399 'High/Extreme-High',"programming,mainstream",Dell,Top
$1399,Lenovo Legion Y545 2060,Core i7-9750H,NVIDIA RTX 2060 6GB,16GB,-,512GB,"15.6"" 1920x1080 60hz",4 hrs,5.10 lbs,1.05 in,High/Extreme-High,8,https://lappylist.com/images/2020_laptop/Lenovo_Legion_Y545.jpg,gaming,$1399 'High/Extreme-High',gaming,Lenovo,Top
$1449,Asus ROG Strix G15,Core i7-10750H,NVIDIA RTX 2070 8GB,16GB,-,1TB,"15.6"" 1920x1080 240Hz IPS",5 hrs,5.28 lbs,1.00 in,High/Extreme-High,8,https://lappylist.com/images/2020_laptop/Asus_ROG_Strix_G15.jpg,gaming,$1449 'High/Extreme-High',gaming,Asus,Top
$1449,Lenovo Legion Y740 1660,Core i7-9750H,NVIDIA GTX 1660 Ti 6GB,16GB,1TB,256GB,"17.3"" 1920x1080 144hz IPS",5 hrs,6.40 lbs,0.91 in,High/Extreme-High,8,https://lappylist.com/images/2020_laptop/Lenovo_Legion_Y740.jpg,gaming,$1449 'High/Extreme-High',gaming,Lenovo,Top
$1499,Asus Zenbook UX390UA,i7-7500U,Intel Graphics 620,16GB,-,512GB PCIe,"12.5"" 1920x1080 IPS",9 hrs,2 lbs,0.5 in,High/Extreme-High,10,http://lappylist.com/images/laptop/Asus%20Zenbook%20UX390UA.jpg,ultraportable,$1499 'High/Extreme-High',ultraportable,Asus,Top
$1499,Dell Latitude 14 E7490,i5-8250U,Intel UHD Graphics 620,8GB,-,256GB PCIe,"14.1"" 1920x1080 IPS",8 hrs,3.11 lbs,0.70 in,High/Extreme-High,10,http://www.lappylist.com/images/laptop/Dell%20Latitude%20E7450.jpg,programming,$1499 'High/Extreme-High',programming,Dell,Top
$1499,Razer Blade 15,Core i7-10750H,NVIDIA RTX 2060 6GB,16GB,-,512GB,"15.6"" 1920x1080 144Hz IPS",4.5 hrs,4.56 lbs,0.66 in,High/Extreme-High,8,https://lappylist.com/images/2020_laptop/Razer_Blade_15.jpg,gaming,$1499 'High/Extreme-High',gaming,Razer,Top
$1555,Asus Zenbook UX550VE,i5-7700HQ,Nvidia GTX 1050 Ti,16GB,-,512GB PCIE,"15.6"" 1920x1080 IPS Touch",10 hrs,3.97 lbs,0.74 in,High/Extreme-High,10,http://lappylist.com/images/laptop2018/Asus%20Zenbook%20Pro%20UX550VE.jpg,"programming,mainstream",$1555 'High/Extreme-High',"programming,mainstream",Asus,Top
$1559,MSI Bravo 15,Ryzen 7 4800H,Radeon RX5500M 4GB,32GB,-,1TB,"15.6"" 1920x1080 144Hz IPS",5 hrs,4.10 lbs,0.85 in,High/Extreme-High,8,https://lappylist.com/images/2020_laptop/MSI_Bravo_15.jpg,gaming,$1559 'High/Extreme-High',gaming,MSI,Top
$1572,Alienware m15 R3,Core i7-10750H,NVIDIA RTX 2060 6GB,16GB,-,512GB,"15.6"" 1920x1080 300hz",2.5 hrs,4.90 lbs,0.80 in,High/Extreme-High,8,https://lappylist.com/images/2020_laptop/Alienware_m15_R3.jpg,gaming,$1572 'High/Extreme-High',gaming,Alienware,Top
$1589,Acer Predator Triton 500,Core i7-9750H,NVIDIA RTX 2060 6GB,16GB,-,512GB,"15.6"" 1920x1080 144Hz IPS",4 hrs,4.41 lbs,0.70 in,High/Extreme-High,8,https://lappylist.com/images/2020_laptop/Acer_Predator_Triton_500.jpg,gaming,$1589 'High/Extreme-High',gaming,Acer,Top
$1599,MSI GS65 Stealth Thin,Core i7-9750H,NVIDIA RTX 2060 6GB,16GB,-,512GB,"15.6"" 1920x1080 240hz",8 hrs,4.19 lbs,0.69 in,High/Extreme-High,10,https://lappylist.com/images/2020_laptop/MSI_GS65_Stealth_Thin.jpg,gaming,$1599 'High/Extreme-High',gaming,MSI,Top
$1682,Lenovo ThinkPad X1 Yoga,i5-7200U,Intel Graphics 620,8GB,-,256GB PCIe,"14"" 1920x1080 IPS Touch w/ Pen",15 hrs,3.13 lbs,0.69 in,High/Extreme-High,10,http://lappylist.com/images/laptop/Lenovo%20ThinkPad%20X1%20Yoga.jpg,convertible,$1682 'High/Extreme-High',convertible,Lenovo,Top
$1699,Apple Macbook Pro 13,i5-7360U,Intel Iris Graphics 640,16GB,-,256GB PCIe,"13.3"" 2560x1600 IPS",10 hrs,3 lbs,0.59 in,High/Extreme-High,10,http://lappylist.com/images/laptop2018/Macbook%20Pro%2013%202017.jpg,"programming,mainstream",$1699 'High/Extreme-High',"programming,mainstream",Apple,Top
$1699,Apple Macbook Pro 13 /w bar,i5-6267U,Intel Iris Graphics 550,8GB,-,128GB PCIe,"13.3"" 2560x1600 IPS",10 hrs,3.5 lbs,0.71 in,High/Extreme-High,10,http://lappylist.com/images/laptop/Apple%20Macbook%20Pro%20Retina%2013.jpg,ultraportable,$1699 'High/Extreme-High',ultraportable,Apple,Top
$1699,Asus Zenbook UX490UA,i7-8550U,Intel UHD Graphics 620,16GB,-,512GB PCIe,"14"" 1920x1080 IPS",9 hrs,2.42 lbs,0.51 in,High/Extreme-High,7,http://lappylist.com/images/laptop/Asus%20Zenbook%20UX390UA.jpg,"programming,mainstream",$1699 'High/Extreme-High',"programming,mainstream",Asus,Top
$1699,Microsoft Surface Book,i5-6200U,Intel Graphics 520,8GB,-,256GB,"13.5"" 3000x2000 IPS Touch",12 hrs,3.34 lbs,0.9 in,High/Extreme-High,10,http://lappylist.com/images/laptop/Microsoft%20Surface%20Book.jpg,convertible,$1699 'High/Extreme-High',convertible,Microsoft,Top
$1779,VAIO Z Flip,i5-6267U,Intel Iris Graphics 550,8GB,-,256GB,"13.3"" 2560x1440 IPS Touch w/ Pen",11.5 hrs,2.94 lbs,0.66 in,High/Extreme-High,10,http://lappylist.com/images/laptop/VAIO%20Z%20Flip..jpg,convertible,$1779 'High/Extreme-High',convertible,VAIO,Top
$181,ASUS T100TA,BayTrail-T Z3775,Intel HD Graphics,2GB,-,32GB,"10.1"" 1366x768 TN Touch",11 hrs,2.4 lbs,0.93 in,Extreme-Low/Low,5,http://lappylist.com/images/laptop/ASUS%20T100TA.jpg,convertible,$181 'Extreme-Low/Low',convertible,ASUS,Top
$1885,Dell XPS 15 9560 (i7),i5-7700HQ,Nvidia GTX 1050,16GB,-,512GB,"15.6"" 3840x2160 IPS Touch",6 hrs,4.3 lbs,0.67 in,High/Extreme-High,10,http://lappylist.com/images/laptop/Dell%20XPS%2015%209560.jpg,mainstream,$1885 'High/Extreme-High',mainstream,Dell,Top
$1899,Asus ROG Zephyrus M,Core i7-9750H,NVIDIA RTX 2070 8GB,16GB,-,1TB,"15.6"" 1920x1080 240Hz IPS",6 hrs,4.25 lbs,0.78 in,High/Extreme-High,9,https://lappylist.com/images/2020_laptop/Asus_ROG_Zephyrus_M.jpg,gaming,$1899 'High/Extreme-High',gaming,Asus,Top
$1899,Asus ROG Zephyrus S,Core i7-9750H,NVIDIA RTX 2070 8GB,16GB,-,1TB,"17.3"" 1920x1080 144hz",3 hrs,5.73 lbs,0.74 in,High/Extreme-High,10,https://lappylist.com/images/2020_laptop/Asus_ROG_Zephyrus_S_GX701.jpg,gaming,$1899 'High/Extreme-High',gaming,Asus,Top
$1899,Lenovo Legion 7i,Core i7-10750H,NVIDIA RTX 2070 8GB,16GB,-,512GB,"15.6"" 1920x1080 144Hz IPS",6 hrs,4.96 lbs,0.78 in,High/Extreme-High,10,https://lappylist.com/images/2020_laptop/Lenovo_Legion_7i.jpg,gaming,$1899 'High/Extreme-High',gaming,Lenovo,Top
$1899,Lenovo Legion Y740 2080,Core i7-8750H,NVIDIA RTX 2080 8GB,16GB,-,512GB,"17.3"" 1920x1080 144hz",6 hrs,6.17 lbs,0.91 in,High/Extreme-High,10,https://lappylist.com/images/2020_laptop/Lenovo_Legion_Y740_2080.jpg,gaming,$1899 'High/Extreme-High',gaming,Lenovo,Top
$1899,Razer Blade Stealth 13,Core i7-1065G7,NVIDIA GTX 1650 Ti 4GB,16GB,-,512GB,"13.3"" 3840x2160 4K Touch",7 hrs,6.14 lbs,0.60 in,High/Extreme-High,8,https://lappylist.com/images/2020_laptop/Razer_Blade_Stealth_13.jpg,gaming,$1899 'High/Extreme-High',gaming,Razer,Top
$199,HP Stream 11,Celeron N3060,Intel HD Graphics,4GB,-,32GB,"11.6"" 1366x768 TN",10.5 hrs,2.57 lbs,0.71 in,Extreme-Low/Low,4,http://lappylist.com/images/laptop/HP%20Stream.jpg,ultraportable,$199 'Extreme-Low/Low',ultraportable,HP,Top
$1993,Apple Macbook Pro 15 w/ bar,i7-6700HQ,AMD Radeon Pro 450,16GB,-,256GB PCIe,"15.4"" 2880x1800 IPS",10 hrs,4 lbs,0.63 in,High/Extreme-High,10,http://lappylist.com/images/laptop/Apple%20Macbook%20Pro%2015%20touchbar.jpg,"programming,mainstream",$1993 'High/Extreme-High',"programming,mainstream",Apple,Top
$1999,HP OMEN X 2S,Core i7-9750H,NVIDIA RTX 2070 8 GB,16GB,-,512GB,"15.6"" 1920x1080 144Hz IPS",2.5 hrs,5.25 lbs,0.78 in,High/Extreme-High,9,https://lappylist.com/images/2020_laptop/HP_OMEN_X_2S.jpg,gaming,$1999 'High/Extreme-High',gaming,HP,Top
$202,Dell Inspiron 11,Celeron N3060,Intel HD Graphics,2GB,-,32GB,"11.6"" 1366x768 TN",9.5 hrs,2.6 lbs,0.88 in,Extreme-Low/Low,5,http://lappylist.com/images/laptop/Dell%20Inspiron%2011.jpg,ultraportable,$202 'Extreme-Low/Low',ultraportable,Dell,Top
$219,HP Stream 13,Celeron N3050,Intel HD Graphics,2GB,-,32GB,"13.3"" 1366x768 TN",8 hrs,3.4 lbs,0.77 in,Extreme-Low/Low,4,http://lappylist.com/images/laptop/HP%20Stream.jpg,ultraportable,$219 'Extreme-Low/Low',ultraportable,HP,Top
$2199,Gigabyte AERO 15 ,Core i7-9750H,NVIDIA RTX 2060 6GB,16GB,-,512GB,"15.6"" 3840x2160 AMOLED",3 hrs,8.65 lbs,0.80 in,High/Extreme-High,9,https://lappylist.com/images/2020_laptop/Gigabyte_AERO_15.jpg,gaming,$2199 'High/Extreme-High',gaming,Gigabyte,Top
$2299,Razer Blade 15 Advanced,Core i7-10875H,NVIDIA RTX 2070 8 GB,16GB,-,512GB,"15.6"" 1920x1080 144hz",5 hrs,8.68 lbs,0.70 in,High/Extreme-High,10,https://lappylist.com/images/2020_laptop/Razer_Blade_15_Advanced.jpg,gaming,$2299 'High/Extreme-High',gaming,Razer,Top
$249,Lenovo IdeaPad 100s,Celeron N3050,Intel HD Graphics,2GB,-,64GB,"14"" 1366x738 TN",7 hrs,3.3 lbs,0.73 in,Extreme-Low/Low,4,http://lappylist.com/images/laptop/Lenovo%20IdeaPad%20100s.jpg,ultraportable,$249 'Extreme-Low/Low',ultraportable,Lenovo,Top
$249,Lenovo IdeaPad 120s,Celeron N3350,Intel HD Graphics 500,4GB,-,64GB,"14"" 1366x738 TN",8 hrs,3.17 lbs,0.73 in,Extreme-Low/Low,4,http://lappylist.com/images/laptop/Lenovo%20IdeaPad%20100s.jpg,"programming,mainstream",$249 'Extreme-Low/Low',"programming,mainstream",Lenovo,Top
$2519,Alienware Area 51M,Core i7-10700K,NVIDIA RTX 2070 8GB,16GB,-,1TB,"17.3"" 1920x1080 300hz",2.5 hrs,10.40 lbs,1.70 in,High/Extreme-High,9,https://lappylist.com/images/2020_laptop/Alienware_Area_51M.jpg,gaming,$2519 'High/Extreme-High',gaming,Alienware,Top
$258,Asus Vivobook E403NA,Celeron N3350,Intel HD Graphics 500,4GB,-,64GB,"14"" 1920x1080 TN",12 hrs,3.3 lbs,0.7 in,Extreme-Low/Low,4,http://lappylist.com/images/laptop/Asus%20E402SA.jpg,"programming,mainstream",$258 'Extreme-Low/Low',"programming,mainstream",Asus,Top
$259,HP Pavilion x2 10t,Atom x5-Z8350,Intel HD Graphics,2GB,-,32GB,"10.1"" 1280x800 IPS Touch w/ Pen",9.5 hrs,2.4 lbs,0.92 in,Extreme-Low/Low,5,http://lappylist.com/images/laptop/HP%20Pavilion%20x2%2010t.jpg,convertible,$259 'Extreme-Low/Low',convertible,HP,Top
$2649,MSI GE66 Raider 10SGS,Core i7-10875H,NVIDIA RTX 2080 8GB,32GB,-,1TB,"15.6"" 1920x1080 300hz",5 hrs,5.25 lbs,0.92 in,High/Extreme-High,7,https://lappylist.com/images/2020_laptop/MSI_GE66_Raider_10SGS.jpg,gaming,$2649 'High/Extreme-High',gaming,MSI,Top
$3125,Asus ROG Zephyrus Duo i7,Core i7-10875H,NVIDIA RTX 2070S 8GB,32GB,-,2TB,"15.6"" 1920x1080 300hz IPS",3 hrs,5.51 lbs,0.82 in,High/Extreme-High,10,https://lappylist.com/images/2020_laptop/Asus_ROG_Zephyrus_Duo_i7.jpg,gaming,$3125 'High/Extreme-High',gaming,Asus,Top
$316,Dell Inspiron 11 2 in 1,Pentium N3710,Intel HD Graphics,4GB,500GB 5400RPM,-,"11"" 1366x768 TN Touch",7.5 hrs,3.07 lbs,0.82 in,Extreme-Low/Low,5,http://lappylist.com/images/laptop/Dell%20Inspiron%2011%202in1.jpg,convertible,$316 'Extreme-Low/Low',convertible,Dell,Top
$329,Lenovo ThinkPad T440 (refurb),i5-4300U,Intel HD 4400,8GB,640GB 5400RPM,-,"14"" 1600x900 TN",8 hrs,4 lbs,0.9 in,Extreme-Low/Low,9,http://lappylist.com/images/laptop/Lenovo%20ThinkPad%20T440.jpg,programming,$329 'Extreme-Low/Low',programming,Lenovo,Top
$349,Acer Aspire E15-575,i3 7100U,Intel Graphics 620,4GB,1TB 5400RPM,-,"15.6"" 1920x1080 TN",12 hrs,5.3 lbs,1.2 in,Extreme-Low/Low,5,http://lappylist.com/images/laptop/Acer%20Aspire%20E15%20575.jpg,"programming,mainstream",$349 'Extreme-Low/Low',"programming,mainstream",Acer,Top
$369,Microsoft Surface 3,Atom x7-Z8700,Intel HD Graphics,2GB,-,64GB,"10.8"" 1920x1080 IPS",10 hrs,1.3 lbs,0.34 in,Extreme-Low/Low,8,http://lappylist.com/images/laptop/Microsoft%20Surface%20Pro%203.jpg,"ultraportable,convertible",$369 'Extreme-Low/Low',"ultraportable,convertible",Microsoft,Top
$377,Asus T102HA,Atom x5-Z8350,Intel HD Graphics,4GB,-,128GB,"10.1"" 1280x800 Touch w/ Pen",11 hrs,21.7 lbs,0.6 in,Extreme-Low/Low,5,http://lappylist.com/images/laptop/Asus%20T100HA.jpg,convertible,$377 'Extreme-Low/Low',convertible,Asus,Top
$427,Asus T300CHI,M-5Y70,Intel HD 5300,4GB,-,128GB,"12.5"" 1920x1080 IPS Touch",8 hrs,1.2 lbs,0.28 in,Extreme-Low/Low,7,http://lappylist.com/images/laptop/ASUS%20T300chi.jpg,convertible,$427 'Extreme-Low/Low',convertible,Asus,Top
$444,Asus F441,AMD A9-9420,AMD Radeon R5,8GB,1TB 5400RPM,-,"14"" 1920x1080 TN",6 hrs,3.9 lbs,1.1 in,Extreme-Low/Low,5,http://lappylist.com/images/laptop2018/Asus%20Vivobook%20F441.jpg,mainstream,$444 'Extreme-Low/Low',mainstream,Asus,Top
$469,Lenovo ThinkPad T440s (refurb),i7-4600U,Intel HD 4400,12GB,-,240GB,"14"" 1600x900 TN",8 hrs,4 lbs,0.83 in,Extreme-Low/Low,9,http://www.lappylist.com/images/laptop/Lenovo%20ThinkPad%20T440.jpg,programming,$469 'Extreme-Low/Low',programming,Lenovo,Top
$4999,Asus ROG Zephyrus Duo i9,Core i9-10980HK,NVIDIA RTX 2080S 8GB,32GB,-,1TB,"15.6"" 3840x2160 IPS",3 hrs,5.51 lbs,0.82 in,High/Extreme-High,10,https://lappylist.com/images/2020_laptop/Asus_ROG_Zephyrus_Duo_i9.jpg,gaming,$4999 'High/Extreme-High',gaming,Asus,Top
$505,HP Pavilion x360 13,i5-7200U,Intel Graphics 620,8GB,500GB 5400RPM,-,"13.3"" 1920x1080 IPS Touch",11 hrs,3.66 lbs,0.78 in,Extreme-Low/Low,7,http://www.lappylist.com/images/laptop/HP%20Pavilion%20x360%2013.jpg,"ultraportable,convertible",$505 'Extreme-Low/Low',"ultraportable,convertible",HP,Top
$509,Asus Q504UA,i5-7200U,Intel Graphics 620,6GB,1TB 5400RPM,-,"13.3"" 1920x1080 IPS Touch",6 hrs,3.31 lbs,0.8 in,Extreme-Low/Low,8,http://lappylist.com/images/laptop/Asus%20Q503UA.jpg,"ultraportable,convertible",$509 'Extreme-Low/Low',"ultraportable,convertible",Asus,Top
$533,Dell Inspiron 13 2 in 1,i5-7200U,Intel Graphics 620,8GB,1TB 5400RPM,-,"13.3"" 1920x1080 IPS Touch",8 hrs,3.4 lbs,0.8 in,Extreme-Low/Low,7,http://lappylist.com/images/laptop/Dell%20Inspiron%2013%202%20in%201.jpg,"ultraportable,convertible",$533 'Extreme-Low/Low',"ultraportable,convertible",Dell,Top
$575,Acer Aspire V13,i5-6200U,HD Graphics 520,6GB,-,256GB,"13.3"" 1920x1080 IPS Touch",8 hrs,3.5 lbs,0.81 in,Extreme-Low/Low,6,http://lappylist.com/images/laptop/Acer%20Aspire%20V3-372T.jpg,ultraportable,$575 'Extreme-Low/Low',ultraportable,Acer,Top
$579,Acer Aspire E15-575G,i5-7200U,Nvidia 940MX,8GB,-,256GB,"15.6"" 1920x1080 TN",12 hrs,5.3 lbs,1.19 in,Extreme-Low/Low,6,http://lappylist.com/images/laptop/Acer%20Aspire%20E15-575G.jpg,mainstream,$579 'Extreme-Low/Low',mainstream,Acer,Top
$599,Acer Aspire E5-576G,i5-8250U,Nvidia MX150,8GB,-,256GB,"15.6"" 1920x1080 TN",15 hrs,5.27 lbs,1.19 in,Extreme-Low/Low,6,http://lappylist.com/images/laptop2018/Acer%20Aspire%20E5-576G.jpg,programming,$599 'Extreme-Low/Low',programming,Acer,Top
$599,Asus Vivobook F510UA,i5-8250U,Intel UHD Graphics 620,8GB,1TB 5400RPM,128GB,"15.6"" 1920x1080 IPS",5 hrs,3.7 lbs,0.8 in,Extreme-Low/Low,6,http://lappylist.com/images/laptop2018/Asus%20Vivobook%20F510UA.jpg,"programming,mainstream",$599 'Extreme-Low/Low',"programming,mainstream",Asus,Top
$599,Dell Inspiron 13 i5379,i5-8250U,Intel UHD Graphics 620,8GB,1TB 5400RPM,-,"13.3"" 1920x1080 IPS Touch",8 hrs,3.44 lbs,0.77 in,Extreme-Low/Low,7,http://lappylist.com/images/laptop2018/Dell%20Inspiron%2013%20i5379.jpg,"programming,convertible",$599 'Extreme-Low/Low',"programming,convertible",Dell,Top
$619,HP Envy 13,i5-7200U,Intel Graphics 620,8GB,-,256GB PCIe,"13.3"" 1920x1080 IPS",14 hrs,3.3 lbs,0.55 in,Extreme-Low/Low,8,http://lappylist.com/images/laptop/HP%20Envy%2013t.jpg,ultraportable,$619 'Extreme-Low/Low',ultraportable,HP,Top
$649,Asus Vivobook S410UA,i5-8250U,Intel UHD Graphics 620,8GB,1TB FireCuda,-,"14"" 1920x1080",8 hrs,3.2 lbs,0.7 in,Extreme-Low/Low,7,http://lappylist.com/images/laptop2018/Asus%20Vivobook%20S410UA.jpg,mainstream,$649 'Extreme-Low/Low',mainstream,Asus,Top
$689,Acer Nitro 5,Core i5-9300H,NVIDIA GTX 1650 8GB,8GB,-,256GB,"15.6"" 1920x1080 60hz IPS",8 hrs,5.07 lbs,0.96 in,Extreme-Low/Low,8,https://lappylist.com/images/2020_laptop/Acer_Nitro_5.jpg,gaming,$689 'Extreme-Low/Low',gaming,Acer,Top
$689,Lenovo ThinkPad E470*,i3-7100U,Intel Graphics 620,4GB,500GB 7200RPM,-,"14"" 1920x1080 IPS",8 hrs,4.1 lbs,0.88 in,Extreme-Low/Low,6,http://lappylist.com/images/laptop/Lenovo%20ThinkPad%20E460.jpg,programming,$689 'Extreme-Low/Low',programming,Lenovo,Top
$699,Acer Swift 3 14,i5-8250U,Nvidia MX150,8GB,-,256GB,"14"" 1920x1080 IPS",10 hrs,3.75 lbs,0.71 in,Extreme-Low/Low,8,http://lappylist.com/images/laptop2018/Acer%20Swift%203.jpg,mainstream,$699 'Extreme-Low/Low',mainstream,Acer,Top
$699,Lenovo Yoga 710 11,i5-7Y54,Intel Graphics 615,8GB,-,128GB,"11"" 1920x1080 IPS Touch",8 hrs,2.3 lbs,0.59 in,Extreme-Low/Low,7,http://lappylist.com/images/laptop/Lenovo%20Y710%20Yoga.jpg,convertible,$699 'Extreme-Low/Low',convertible,Lenovo,Top
$718,Asus TUF FX505DT,Ryzen 5 R5-3550H,NVIDIA GTX 1650 4GB,8GB,-,256GB,"15.6"" 1920x1080 120hz IPS",4 hrs,4.85 lbs,1.00 in,Medium/Med-High,8,https://lappylist.com/images/2020_laptop/Asus_TUF_FX505.jpg,gaming,$718 'Medium/Med-High',gaming,Asus,Top
$719,Dell Inspiron 13-i5378,i7-7500U,Intel Graphics 620,8GB,-,256GB,"13.3"" 1920x1080 IPS Touch",8 hrs,3.44 lbs,0.76 in,Medium/Med-High,7,http://lappylist.com/images/laptop/Dell%20Inspiron%2013%202%20in%201.jpg,mainstream,$719 'Medium/Med-High',mainstream,Dell,Top
$729,Toshiba Satellite Radius 12,i7-6500U,Intel Graphics 520,8GB,-,256GB,"12.5"" 3840x2160 IPS Touch",4 hrs,2.9 lbs,0.6 in,Medium/Med-High,8,http://lappylist.com/images/laptop/Toshiba%20Satellite%20Radius%2012.jpg,"ultraportable,convertible",$729 'Medium/Med-High',"ultraportable,convertible",Toshiba,Top
$737,Lenovo Ideapad L340 G,Core i5-9300H,NVIDIA GTX 1650 4GB,8GB,-,512GB,"15.6"" 1920x1080 60hz IPS",6.5 hrs,4.84 lbs,0.94 in,Medium/Med-High,7,https://lappylist.com/images/2020_laptop/Lenovo_Ideapad_L340_Gaming.jpg,gaming,$737 'Medium/Med-High',gaming,Lenovo,Top
$749,Asus Zenbook UX330UA,i5-8250U,Intel UHD Graphics 620,8GB,-,256GB PCIe,"13.3"" 1920x1080 IPS",8 hrs,2.6 lbs,0.5 in,Medium/Med-High,9,http://lappylist.com/images/laptop/ASUS%20Zenbook%20UX303LA.jpg,"programming,mainstream,ultraportable",$749 'Medium/Med-High',"programming,mainstream,ultraportable",Asus,Top
$749,Dell Inspiron 15-i5557,i5-7300HQ,Nvidia GTX 1050,8GB,-,256GB,"15.6"" 1920x1080 IPS",7 hrs,5.7 lbs,1 in,Medium/Med-High,8,http://lappylist.com/images/laptop/Dell%20Inspiron%2015%20i5557.jpg,mainstream,$749 'Medium/Med-High',mainstream,Dell,Top
$757,Acer Nitro 5 SSD+HDD,Core i5-9300H,NVIDIA GTX 1650 8GB,8GB,1TB,128GB,"15.6"" 1920x1080 60hz IPS",7 hrs,5.5 lbs,1.02 in,Medium/Med-High,8,https://lappylist.com/images/2020_laptop/Acer_Nitro_5.jpg,gaming,$757 'Medium/Med-High',gaming,Acer,Top
$779,Lenovo Yoga 720 13,i5-7200U,Intel Graphics 620,8GB,-,256GB PCIe,"13.3"" 1920x1080 IPS Touch",10.5 hrs,2.9 lbs,0.6 in,Medium/Med-High,8,http://lappylist.com/images/laptop/Lenovo%20Yoga%20720%2013.jpg,convertible,$779 'Medium/Med-High',convertible,Lenovo,Top
$799,Dell Inspiron 13-7378,i5-7200U,Intel Graphics 620,8GB,-,256GB,"13.3"" 1920x1080 IPS Touch",8 hrs,3.86 lbs,0.76 in,Medium/Med-High,8,http://lappylist.com/images/laptop/Dell%20Inspiron%2013%202%20in%201.jpg,"ultraportable,convertible",$799 'Medium/Med-High',"ultraportable,convertible",Dell,Top
$799,Dell XPS 13 9360,i3-7100U,Intel Graphics 620,4GB,-,128GB,"13.3"" 1920x1080 IPS",22 hrs,2.7 lbs,0.6 in,Medium/Med-High,9,http://lappylist.com/images/laptop/Dell%20XPS%2013-9350.jpg,ultraportable,$799 'Medium/Med-High',ultraportable,Dell,Top
$817,Asus Zenbook UX360CA,m3-6Y30,Intel Graphics 515,8GB,-,512GB,"13.3"" 1920x1080 IPS Touch",17 hrs,2.9 lbs,0.55 in,Medium/Med-High,8,http://lappylist.com/images/laptop/Asus%20UX360CA.jpg,"ultraportable,convertible",$817 'Medium/Med-High',"ultraportable,convertible",Asus,Top
$830,Lenovo ThinkPad 13 *,i5-7200U,Intel Graphics 620,8GB,-,128GB,"13.3"" 1920x1080 IPS",11 hrs,3.17 lbs,0.77 in,Medium/Med-High,9,http://lappylist.com/images/laptop/Lenovo%20ThinkPad%2013.jpg,"programming,ultraportable",$830 'Medium/Med-High',"programming,ultraportable",Lenovo,Top
$849,Dell G3 3590,Core i5-10300H,NVIDIA GTX 1650 4GB,8GB,1TB,256GB,"15.6"" 1920x1080 60Hz",6.5 hrs,5.18 lbs,0.85 in,Medium/Med-High,7,https://lappylist.com/images/2020_laptop/Dell_G3_3590.jpg,gaming,$849 'Medium/Med-High',gaming,Dell,Top
$852,Dell Latitude 14 3480*,i5-7200U,Intel Graphics 620,8GB,500GB 7200RPM,-,"14"" 1920x1080 TN",18 hrs,3.87 lbs,0.92 in,Medium/Med-High,8,http://lappylist.com/images/laptop/Dell%20Latitude%2014%203000.jpg,programming,$852 'Medium/Med-High',programming,Dell,Top
$887,Apple Macbook Air 13,i5-5350U,Intel HD 6000,8GB,-,128GB PCIe,"13.3"" 1440x900",12 hrs,3 lbs,0.68 in,Medium/Med-High,10,http://lappylist.com/images/laptop/Apple%20Macbook%20Air.jpg,"programming,mainstream,ultraportable",$887 'Medium/Med-High',"programming,mainstream,ultraportable",Apple,Top
$889,MSI GF63 THIN 9RCX-818,Core i7-9750H,NVIDIA GTX1050Ti 4GB,8GB,-,256GB,"15.6"" 1920x1080 60Hz IPS",7 hrs,4.10 lbs,0.85 in,Medium/Med-High,7,https://lappylist.com/images/2020_laptop/MSI_GF63_THIN_9RCX_818.jpg,gaming,$889 'Medium/Med-High',gaming,MSI,Top
$895,Lenovo ThinkPad T470*,i5-7200U,Intel Graphics 620,8GB,500GB 7200RPM,-,"14"" 1920x1080 IPS",18 hrs,3.48 lbs,0.79 in,Medium/Med-High,9,http://lappylist.com/images/laptop/Lenovo%20ThinkPad%20T460.jpg,programming,$895 'Medium/Med-High',programming,Lenovo,Top
$911,Lenovo ThinkPad T570*,i5-7200U,Intel Graphics 620,8GB,500GB 7200RPM,-,"15.6"" 1920x1080 IPS",26 hrs*,4.5 lbs,0.8 in,Medium/Med-High,9,http://www.lappylist.com/images/laptop/Lenovo%20ThinkPad%20T550.jpg,programming,$911 'Medium/Med-High',programming,Lenovo,Top
$915,Lenovo ThinkPad X270*,i5-7200U,Intel Graphics 620,8GB,500GB 7200RPM,-,"12.5"" 1920x1080 IPS",21 hrs*,2.9 lbs,0.8 in,Medium/Med-High,10,http://lappylist.com/images/laptop/Lenovo%20Thinkpad%20X250.jpg,"programming,ultraportable",$915 'Medium/Med-High',"programming,ultraportable",Lenovo,Top
$964,Microsoft Surface Pro 4,i5-6300U,Intel Graphics 520,8GB,-,256GB,"12.3"" 2736x1824 IPS Touch",9 hrs,1.73 lbs,0.33 in,Medium/Med-High,8,http://lappylist.com/images/laptop/Microsoft%20Surface%20Pro%204.jpg,"ultraportable,convertible",$964 'Medium/Med-High',"ultraportable,convertible",Microsoft,Top
$985,Asus TUF A15 1660,Ryzen 7 4800H,NVIDIA GTX 1660Ti 6GB,8GB,-,512GB,"15.6"" 1920x1080 144hz IPS",8.5 hrs,5.07 lbs,0.98 in,Medium/Med-High,8,https://lappylist.com/images/2020_laptop/Asus_TUF_A15.jpg,gaming,$985 'Medium/Med-High',gaming,Asus,Top
$988,LG Gram 15,i5-7200U,Intel Graphics 620,8GB,-,256GB,"15.6"" 1920x1080 IPS",15 hrs,2.4 lbs,0.6 in,Medium/Med-High,7,http://lappylist.com/images/laptop/LG%20Gram.jpg,mainstream,$988 'Medium/Med-High',mainstream,LG,Top
$989,HP Spectre x360 13,i5-7200U,Intel Graphics 620,8GB,-,256GB,"13.3"" 1920x1080 IPS Touch",16 hrs,2.89 lbs,0.55 in,Medium/Med-High,9,http://lappylist.com/images/laptop/HP%20Spectre%20x360.jpg,"ultraportable,convertible",$989 'Medium/Med-High',"ultraportable,convertible",HP,Top
$999,Asus Zenbook UX331UN,i5-8250U,Nvidia MX150,8GB,-,256GB,"13.3"" 1920x1080 IPS Touch",14 hrs,-,-,Medium/Med-High,8,http://lappylist.com/images/laptop2018/Asus%20Zenbook%20UX331UN.jpg,"mainstream,ultraportable",$999 'Medium/Med-High',"mainstream,ultraportable",Asus,Top
$999,Dell Latitude 14 3490*,i5-8250U,Intel UHD Graphics 620,8GB,-,256GB PCIe,"14"" 1920x1080 TN",15 hrs,3.79 lbs,0.82 in,Medium/Med-High,8,http://lappylist.com/images/laptop/Dell%20Latitude%2014%203000.jpg,programming,$999 'Medium/Med-High',programming,Dell,Top
