Price,Model,CPU,Graphics,RAM,HDD,SSD,Display,Budget,Rate_From_10,Image_Url,Best_For,Final_Budget,Notes,Brand,Type
$1005,Asus Zenbook UX430UA,i7-8550U,Intel UHD Graphics 620,16GB,-,512GB,"14"" 1920x1080 IPS",Medium/Med-High,7,http://lappylist.com/images/laptop/Asus%20Zenbook%20UX390UA.jpg,"programming,mainstream",$1005 'Medium/Med-High',"programming,mainstream",Asus,Top
$1007,Lenovo ThinkPad T470p*,i5-7300HQ,Intel Graphics 630,8GB,500GB 7200RPM,-,"14"" 1920x1080 IPS",Medium/Med-High,9,http://lappylist.com/images/laptop/Lenovo%20Thinkpad%20460p.jpg,programming,$1007 'Medium/Med-High',programming,Lenovo,Top
$1046,Dell Latitude 15 E5580*,i5-7200U,Intel Graphics 620,8GB,500GB 7200RPM,-,"15.6"" 1920x1080 IPS",Medium/Med-High,10,http://www.lappylist.com/images/laptop/Dell%20Latitude%20E5550.jpg,programming,$1046 'Medium/Med-High',programming,Dell,Top
$1049,Dell XPS 13 9370 Dev. Edition,i5-8250U,Intel UHD Graphics 620,8GB,-,128GB PCIe,"13.3"" 1920x1080 IPS",Medium/Med-High,9,http://lappylist.com/images/laptop2018/Dell%20XPS%2013%209370%20Dev.jpg,programming,$1049 'Medium/Med-High',programming,Dell,Top
$1055,Lenovo ThinkPad T470s*,i5-7200U,Intel Graphics 620,8GB,-,128GB,"14"" 1920x1080 IPS",Medium/Med-High,9,http://www.lappylist.com/images/laptop/Lenovo%20ThinkPad%20T450s.jpg,programming,$1055 'Medium/Med-High',programming,Lenovo,Top
$1071,Lenovo ThinkPad Yoga 460*,i5-6200U,Intel Graphics 520,8GB,-,128GB,"14"" 1920x1080 IPS Touch w/ Pen",Medium/Med-High,8,http://lappylist.com/images/laptop/Lenovo%20ThinkPad%20Yoga%2015.jpg,convertible,$1071 'Medium/Med-High',convertible,Lenovo,Top
$1080,MSI GF63 THIN 9SC-614,Core i5-9300H,NVIDIA GTX 1650 4GB,8GB,-,512GB,"15.6"" 1920x1080 60Hz IPS",Medium/Med-High,7,https://lappylist.com/images/2020_laptop/MSI_GF63_THIN_9RCX_818.jpg,gaming,$1080 'Medium/Med-High',gaming,MSI,Top
$1099,HP Spectre 13,i7-7500U,Intel Graphics 620,8GB,-,256GB PCIe,"13.3"" 1920x1080 IPS",Medium/Med-High,9,http://lappylist.com/images/laptop/HP%20Spectre%2013.jpg,ultraportable,$1099 'Medium/Med-High',ultraportable,HP,Top
$1099,Lenovo Legion Y545 1650,Core i7-9750H,NVIDIA GTX 1650 4GB,16GB,1TB,256GB,"15.6"" 1920x1080 60Hz IPS",Medium/Med-High,8,https://lappylist.com/images/2020_laptop/Lenovo_Legion_Y545.jpg,gaming,$1099 'Medium/Med-High',gaming,Lenovo,Top
$1119,Dell XPS 15 9560 (i5 refurb),i5-7300HQ,Nvidia GTX 1050,8GB,-,256GB PCIe,"15.6"" 3840x2160 IPS Touch",Medium/Med-High,10,http://lappylist.com/images/laptop/Dell%20XPS%2015%209560.jpg,"programming,mainstream",$1119 'Medium/Med-High',"programming,mainstream",Dell,Top
$1149,Dell G5 15,Core i7-10750H,NVIDIA GTX 1650Ti 4GB,16GB,-,512GB,"15.6"" 1920x1080 60hz",Medium/Med-High,7,https://lappylist.com/images/2020_laptop/Dell_G5_15.jpg,gaming,$1149 'Medium/Med-High',gaming,Dell,Top
$1149,Dell XPS 13 9370,i5-8250U,Intel UHD Graphics 620,8GB,-,128GB PCIe,"13.3"" 1920x1080 IPS",Medium/Med-High,9,http://lappylist.com/images/laptop2018/Dell%20XPS%2013%209370.jpg,"programming,mainstream",$1149 'Medium/Med-High',"programming,mainstream",Dell,Top
$1151,Lenovo ThinkPad Yoga 260*,i5-6200U,Intel Graphics 520,8GB,-,128GB,"12.5"" 1920x1080 IPS Touch w/ Pen",Medium/Med-High,9,http://lappylist.com/images/laptop/Lenovo%20ThinkPad%20Yoga.jpg,convertible,$1151 'Medium/Med-High',convertible,Lenovo,Top
$1159,HP OMEN 15,Ryzen 7 4800H,NVIDIA GTX 1660 Ti 6GB,16GB,-,1TB,"15.6"" 1920x1080 144Hz IPS",Medium/Med-High,8,https://lappylist.com/images/2020_laptop/HP_OMEN_15.jpg,gaming,$1159 'Medium/Med-High',gaming,HP,Top
$1178,Acer Predator Helios 300,Core i7-10750H,NVIDIA RTX 2060 6GB,16GB,-,512GB,"15.6"" 1920x1080 144Hz IPS",Medium/Med-High,7,https://lappylist.com/images/2020_laptop/Acer_Predator_Helios_300.jpg,gaming,$1178 'Medium/Med-High',gaming,Acer,Top
$1186,Asus TUF A15 2060,Ryzen 7 4800H,NVIDIA RTX 2060 6GB,16GB,-,1TB,"15.6"" 1920x1080 144Hz IPS",Medium/Med-High,8,https://lappylist.com/images/2020_laptop/Asus_TUF_A15.jpg,gaming,$1186 'Medium/Med-High',gaming,Asus,Top
$1199,Asus TUF FX505,Ryzen 7 R7-3750H,NVIDIA RTX 2060 8GB,16GB,-,512GB,"15.6"" 1920x1080 60Hz IPS",Medium/Med-High,8,https://lappylist.com/images/2020_laptop/Asus_TUF_FX505.jpg,gaming,$1199 'Medium/Med-High',gaming,Asus,Top
$1199,Lenovo Legion Y540,Core i7-9750H,NVIDIA GTX 1650 4GB,24GB,1TB,512GB,"15.6"" 1920x1080 60Hz IPS",Medium/Med-High,8,https://lappylist.com/images/2020_laptop/Lenovo_Legion_Y540.jpg,gaming,$1199 'Medium/Med-High',gaming,Lenovo,Top
$1199,Lenovo Yoga 910 13,i7-7500U,Intel Graphics 620,8GB,-,256GB,"13.3"" 3200x1800 IPS Touch",Medium/Med-High,8,http://lappylist.com/images/laptop/Lenovo%20IdeaPad%20Yoga%20900.jpg,convertible,$1199 'Medium/Med-High',convertible,Lenovo,Top
$1202,Asus Zenbook UX303UB,i7-6500U,Nvidia GT 940M,12GB,-,512GB,"13.3"" 3200x1800 IPS Touch",Medium/Med-High,8,http://lappylist.com/images/laptop/ASUS%20Zenbook%20UX303LA.jpg,ultraportable,$1202 'Medium/Med-High',ultraportable,Asus,Top
$1229,Lenovo ThinkPad X1 Carbon,i5-7200U,Intel Graphics 620,8GB,-,128GB,"14"" 1920x1080 IPS",Medium/Med-High,10,http://lappylist.com/images/laptop/Lenovo%20ThinkPad%20X1%20Carbon%205th%20gen.jpg,programming,$1229 'Medium/Med-High',programming,Lenovo,Top
$1246,LG Gram 15 (8th Gen),i5-8250U,Intel UHD Graphics 620,8GB,-,256GB,"15.6"" 1920x1080 IPS",Medium/Med-High,7,http://lappylist.com/images/laptop2018/LG%20Gram%2015.jpg,mainstream,$1246 'Medium/Med-High',mainstream,LG,Top
$1249,Lenovo Yoga 900s,m7-6Y75,Intel Graphics 515,8GB,-,256GB PCIe,"12.5"" 2560x1440 IPS Touch",Medium/Med-High,8,http://lappylist.com/images/laptop/Lenovo%20Yoga%20900s.jpg,convertible,$1249 'Medium/Med-High',convertible,Lenovo,Top
$1279,Dell Latitude 15 E5590*,i5-8250U,Intel UHD Graphics 620,8GB,-,256GB PCIe,"15.6"" 1920x1080 IPS",Medium/Med-High,10,http://www.lappylist.com/images/laptop/Dell%20Latitude%20E5550.jpg,programming,$1279 'Medium/Med-High',programming,Dell,Top
$1279,HP Elitebook 1040 G4,i5-7200U,Intel Graphics 620,8GB,-,128GB,"14"" 1920x1080 IPS",Medium/Med-High,9,http://lappylist.com/images/laptop/HP%20Elitebook%201040%20G3.jpg,programming,$1279 'Medium/Med-High',programming,HP,Top
$1298,Asus ROG Zephyrus G14,Ryzen 9 4900HS,NVIDIA RTX 2060 6GB,16GB,-,1TB,"14.0"" 1920x1080 120hz IPS",Medium/Med-High,8,https://lappylist.com/images/2020_laptop/Asus_ROG_Zephyrus_G14.jpg,gaming,$1298 'Medium/Med-High',gaming,Asus,Top
$1299,Dell XPS 15 9560 (i5),i5-7300HQ,Nvidia GTX 1050,8GB,-,256GB,"15.6"" 3840x2160 IPS Touch",Medium/Med-High,10,http://lappylist.com/images/laptop/Dell%20XPS%2015%209560.jpg,"programming,mainstream",$1299 'Medium/Med-High',"programming,mainstream",Dell,Top
$1299,Microsoft Surface Pro,i5-7300U,Intel Graphics 620,8GB,-,256GB,"12.3"" 2736x1824 IPS Touch",Medium/Med-High,9,http://lappylist.com/images/laptop/Microsoft%20Surface%20Pro%204.jpg,ultraportable,$1299 'Medium/Med-High',ultraportable,Microsoft,Top
$1322,Lenovo ThinkPad 370*,i5-7200U,Intel Graphics 620,8GB,`,128GB,"13.3"" 1920x1080 IPS Touch w/ Pen",Medium/Med-High,9,http://lappylist.com/images/laptop/Lenovo%20ThinkPad%20Yoga%20370.jpg,convertible,$1322 'Medium/Med-High',convertible,Lenovo,Top
$1327,Lenovo ThinkPad P40 Yoga,i7-6500U,Nvidia Quadro M500M,8GB,-,256GB,"14.1"" 1920x1080 IPS Touch w/ Pen",Medium/Med-High,10,http://lappylist.com/images/laptop/Lenovo%20ThinkPad%20P40%20Yoga.jpg,convertible,$1327 'Medium/Med-High',convertible,Lenovo,Top
$1399,Dell XPS 15 9560 (i7 refurb),i5-7700HQ,Nvidia GTX 1050,16GB,-,512GB PCIe,"15.6"" 3840x2160 IPS Touch",High/Extreme-High,10,http://lappylist.com/images/laptop/Dell%20XPS%2015%209560.jpg,"programming,mainstream",$1399 'High/Extreme-High',"programming,mainstream",Dell,Top
$1399,Lenovo Legion Y545 2060,Core i7-9750H,NVIDIA RTX 2060 6GB,16GB,-,512GB,"15.6"" 1920x1080 60hz",High/Extreme-High,8,https://lappylist.com/images/2020_laptop/Lenovo_Legion_Y545.jpg,gaming,$1399 'High/Extreme-High',gaming,Lenovo,Top
$1449,Asus ROG Strix G15,Core i7-10750H,NVIDIA RTX 2070 8GB,16GB,-,1TB,"15.6"" 1920x1080 240Hz IPS",High/Extreme-High,8,https://lappylist.com/images/2020_laptop/Asus_ROG_Strix_G15.jpg,gaming,$1449 'High/Extreme-High',gaming,Asus,Top
$1449,Lenovo Legion Y740 1660,Core i7-9750H,NVIDIA GTX 1660 Ti 6GB,16GB,1TB,256GB,"17.3"" 1920x1080 144hz IPS",High/Extreme-High,8,https://lappylist.com/images/2020_laptop/Lenovo_Legion_Y740.jpg,gaming,$1449 'High/Extreme-High',gaming,Lenovo,Top
$1499,Asus Zenbook UX390UA,i7-7500U,Intel Graphics 620,16GB,-,512GB PCIe,"12.5"" 1920x1080 IPS",High/Extreme-High,10,http://lappylist.com/images/laptop/Asus%20Zenbook%20UX390UA.jpg,ultraportable,$1499 'High/Extreme-High',ultraportable,Asus,Top
$1499,Dell Latitude 14 E7490,i5-8250U,Intel UHD Graphics 620,8GB,-,256GB PCIe,"14.1"" 1920x1080 IPS",High/Extreme-High,10,http://www.lappylist.com/images/laptop/Dell%20Latitude%20E7450.jpg,programming,$1499 'High/Extreme-High',programming,Dell,Top
$1499,Razer Blade 15,Core i7-10750H,NVIDIA RTX 2060 6GB,16GB,-,512GB,"15.6"" 1920x1080 144Hz IPS",High/Extreme-High,8,https://lappylist.com/images/2020_laptop/Razer_Blade_15.jpg,gaming,$1499 'High/Extreme-High',gaming,Razer,Top
$1555,Asus Zenbook UX550VE,i5-7700HQ,Nvidia GTX 1050 Ti,16GB,-,512GB PCIE,"15.6"" 1920x1080 IPS Touch",High/Extreme-High,10,http://lappylist.com/images/laptop2018/Asus%20Zenbook%20Pro%20UX550VE.jpg,"programming,mainstream",$1555 'High/Extreme-High',"programming,mainstream",Asus,Top
$1559,MSI Bravo 15,Ryzen 7 4800H,Radeon RX5500M 4GB,32GB,-,1TB,"15.6"" 1920x1080 144Hz IPS",High/Extreme-High,8,https://lappylist.com/images/2020_laptop/MSI_Bravo_15.jpg,gaming,$1559 'High/Extreme-High',gaming,MSI,Top
$1572,Alienware m15 R3,Core i7-10750H,NVIDIA RTX 2060 6GB,16GB,-,512GB,"15.6"" 1920x1080 300hz",High/Extreme-High,8,https://lappylist.com/images/2020_laptop/Alienware_m15_R3.jpg,gaming,$1572 'High/Extreme-High',gaming,Alienware,Top
$1589,Acer Predator Triton 500,Core i7-9750H,NVIDIA RTX 2060 6GB,16GB,-,512GB,"15.6"" 1920x1080 144Hz IPS",High/Extreme-High,8,https://lappylist.com/images/2020_laptop/Acer_Predator_Triton_500.jpg,gaming,$1589 'High/Extreme-High',gaming,Acer,Top
$1599,MSI GS65 Stealth Thin,Core i7-9750H,NVIDIA RTX 2060 6GB,16GB,-,512GB,"15.6"" 1920x1080 240hz",High/Extreme-High,10,https://lappylist.com/images/2020_laptop/MSI_GS65_Stealth_Thin.jpg,gaming,$1599 'High/Extreme-High',gaming,MSI,Top
$1682,Lenovo ThinkPad X1 Yoga,i5-7200U,Intel Graphics 620,8GB,-,256GB PCIe,"14"" 1920x1080 IPS Touch w/ Pen",High/Extreme-High,10,http://lappylist.com/images/laptop/Lenovo%20ThinkPad%20X1%20Yoga.jpg,convertible,$1682 'High/Extreme-High',convertible,Lenovo,Top
$1699,Apple Macbook Pro 13,i5-7360U,Intel Iris Graphics 640,16GB,-,256GB PCIe,"13.3"" 2560x1600 IPS",High/Extreme-High,10,http://lappylist.com/images/laptop2018/Macbook%20Pro%2013%202017.jpg,"programming,mainstream",$1699 'High/Extreme-High',"programming,mainstream",Apple,Top
$1699,Apple Macbook Pro 13 /w bar,i5-6267U,Intel Iris Graphics 550,8GB,-,128GB PCIe,"13.3"" 2560x1600 IPS",High/Extreme-High,10,http://lappylist.com/images/laptop/Apple%20Macbook%20Pro%20Retina%2013.jpg,ultraportable,$1699 'High/Extreme-High',ultraportable,Apple,Top
$1699,Asus Zenbook UX490UA,i7-8550U,Intel UHD Graphics 620,16GB,-,512GB PCIe,"14"" 1920x1080 IPS",High/Extreme-High,7,http://lappylist.com/images/laptop/Asus%20Zenbook%20UX390UA.jpg,"programming,mainstream",$1699 'High/Extreme-High',"programming,mainstream",Asus,Top
$1699,Microsoft Surface Book,i5-6200U,Intel Graphics 520,8GB,-,256GB,"13.5"" 3000x2000 IPS Touch",High/Extreme-High,10,http://lappylist.com/images/laptop/Microsoft%20Surface%20Book.jpg,convertible,$1699 'High/Extreme-High',convertible,Microsoft,Top
$1779,VAIO Z Flip,i5-6267U,Intel Iris Graphics 550,8GB,-,256GB,"13.3"" 2560x1440 IPS Touch w/ Pen",High/Extreme-High,10,http://lappylist.com/images/laptop/VAIO%20Z%20Flip..jpg,convertible,$1779 'High/Extreme-High',convertible,VAIO,Top
$181,ASUS T100TA,BayTrail-T Z3775,Intel HD Graphics,2GB,-,32GB,"10.1"" 1366x768 TN Touch",Extreme-Low/Low,5,http://lappylist.com/images/laptop/ASUS%20T100TA.jpg,convertible,$181 'Extreme-Low/Low',convertible,ASUS,Top
$1885,Dell XPS 15 9560 (i7),i5-7700HQ,Nvidia GTX 1050,16GB,-,512GB,"15.6"" 3840x2160 IPS Touch",High/Extreme-High,10,http://lappylist.com/images/laptop/Dell%20XPS%2015%209560.jpg,mainstream,$1885 'High/Extreme-High',mainstream,Dell,Top
$1899,Asus ROG Zephyrus M,Core i7-9750H,NVIDIA RTX 2070 8GB,16GB,-,1TB,"15.6"" 1920x1080 240Hz IPS",High/Extreme-High,9,https://lappylist.com/images/2020_laptop/Asus_ROG_Zephyrus_M.jpg,gaming,$1899 'High/Extreme-High',gaming,Asus,Top
$1899,Asus ROG Zephyrus S,Core i7-9750H,NVIDIA RTX 2070 8GB,16GB,-,1TB,"17.3"" 1920x1080 144hz",High/Extreme-High,10,https://lappylist.com/images/2020_laptop/Asus_ROG_Zephyrus_S_GX701.jpg,gaming,$1899 'High/Extreme-High',gaming,Asus,Top
$1899,Lenovo Legion 7i,Core i7-10750H,NVIDIA RTX 2070 8GB,16GB,-,512GB,"15.6"" 1920x1080 144Hz IPS",High/Extreme-High,10,https://lappylist.com/images/2020_laptop/Lenovo_Legion_7i.jpg,gaming,$1899 'High/Extreme-High',gaming,Lenovo,Top
$1899,Lenovo Legion Y740 2080,Core i7-8750H,NVIDIA RTX 2080 8GB,16GB,-,512GB,"17.3"" 1920x1080 144hz",High/Extreme-High,10,https://lappylist.com/images/2020_laptop/Lenovo_Legion_Y740_2080.jpg,gaming,$1899 'High/Extreme-High',gaming,Lenovo,Top
$1899,Razer Blade Stealth 13,Core i7-1065G7,NVIDIA GTX 1650 Ti 4GB,16GB,-,512GB,"13.3"" 3840x2160 4K Touch",High/Extreme-High,8,https://lappylist.com/images/2020_laptop/Razer_Blade_Stealth_13.jpg,gaming,$1899 'High/Extreme-High',gaming,Razer,Top
$199,HP Stream 11,Celeron N3060,Intel HD Graphics,4GB,-,32GB,"11.6"" 1366x768 TN",Extreme-Low/Low,4,http://lappylist.com/images/laptop/HP%20Stream.jpg,ultraportable,$199 'Extreme-Low/Low',ultraportable,HP,Top
$1993,Apple Macbook Pro 15 w/ bar,i7-6700HQ,AMD Radeon Pro 450,16GB,-,256GB PCIe,"15.4"" 2880x1800 IPS",High/Extreme-High,10,http://lappylist.com/images/laptop/Apple%20Macbook%20Pro%2015%20touchbar.jpg,"programming,mainstream",$1993 'High/Extreme-High',"programming,mainstream",Apple,Top
$1999,HP OMEN X 2S,Core i7-9750H,NVIDIA RTX 2070 8 GB,16GB,-,512GB,"15.6"" 1920x1080 144Hz IPS",High/Extreme-High,9,https://lappylist.com/images/2020_laptop/HP_OMEN_X_2S.jpg,gaming,$1999 'High/Extreme-High',gaming,HP,Top
$202,Dell Inspiron 11,Celeron N3060,Intel HD Graphics,2GB,-,32GB,"11.6"" 1366x768 TN",Extreme-Low/Low,5,http://lappylist.com/images/laptop/Dell%20Inspiron%2011.jpg,ultraportable,$202 'Extreme-Low/Low',ultraportable,Dell,Top
$219,HP Stream 13,Celeron N3050,Intel HD Graphics,2GB,-,32GB,"13.3"" 1366x768 TN",Extreme-Low/Low,4,http://lappylist.com/images/laptop/HP%20Stream.jpg,ultraportable,$219 'Extreme-Low/Low',ultraportable,HP,Top
$2199,Gigabyte AERO 15 ,Core i7-9750H,NVIDIA RTX 2060 6GB,16GB,-,512GB,"15.6"" 3840x2160 AMOLED",High/Extreme-High,9,https://lappylist.com/images/2020_laptop/Gigabyte_AERO_15.jpg,gaming,$2199 'High/Extreme-High',gaming,Gigabyte,Top
$2299,Razer Blade 15 Advanced,Core i7-10875H,NVIDIA RTX 2070 8 GB,16GB,-,512GB,"15.6"" 1920x1080 144hz",High/Extreme-High,10,https://lappylist.com/images/2020_laptop/Razer_Blade_15_Advanced.jpg,gaming,$2299 'High/Extreme-High',gaming,Razer,Top
$249,Lenovo IdeaPad 100s,Celeron N3050,Intel HD Graphics,2GB,-,64GB,"14"" 1366x738 TN",Extreme-Low/Low,4,http://lappylist.com/images/laptop/Lenovo%20IdeaPad%20100s.jpg,ultraportable,$249 'Extreme-Low/Low',ultraportable,Lenovo,Top
$249,Lenovo IdeaPad 120s,Celeron N3350,Intel HD Graphics 500,4GB,-,64GB,"14"" 1366x738 TN",Extreme-Low/Low,4,http://lappylist.com/images/laptop/Lenovo%20IdeaPad%20100s.jpg,"programming,mainstream",$249 'Extreme-Low/Low',"programming,mainstream",Lenovo,Top
$2519,Alienware Area 51M,Core i7-10700K,NVIDIA RTX 2070 8GB,16GB,-,1TB,"17.3"" 1920x1080 300hz",High/Extreme-High,9,https://lappylist.com/images/2020_laptop/Alienware_Area_51M.jpg,gaming,$2519 'High/Extreme-High',gaming,Alienware,Top
$258,Asus Vivobook E403NA,Celeron N3350,Intel HD Graphics 500,4GB,-,64GB,"14"" 1920x1080 TN",Extreme-Low/Low,4,http://lappylist.com/images/laptop/Asus%20E402SA.jpg,"programming,mainstream",$258 'Extreme-Low/Low',"programming,mainstream",Asus,Top
$259,HP Pavilion x2 10t,Atom x5-Z8350,Intel HD Graphics,2GB,-,32GB,"10.1"" 1280x800 IPS Touch w/ Pen",Extreme-Low/Low,5,http://lappylist.com/images/laptop/HP%20Pavilion%20x2%2010t.jpg,convertible,$259 'Extreme-Low/Low',convertible,HP,Top
$2649,MSI GE66 Raider 10SGS,Core i7-10875H,NVIDIA RTX 2080 8GB,32GB,-,1TB,"15.6"" 1920x1080 300hz",High/Extreme-High,7,https://lappylist.com/images/2020_laptop/MSI_GE66_Raider_10SGS.jpg,gaming,$2649 'High/Extreme-High',gaming,MSI,Top
$3125,Asus ROG Zephyrus Duo i7,Core i7-10875H,NVIDIA RTX 2070S 8GB,32GB,-,2TB,"15.6"" 1920x1080 300hz IPS",High/Extreme-High,10,https://lappylist.com/images/2020_laptop/Asus_ROG_Zephyrus_Duo_i7.jpg,gaming,$3125 'High/Extreme-High',gaming,Asus,Top
$316,Dell Inspiron 11 2 in 1,Pentium N3710,Intel HD Graphics,4GB,500GB 5400RPM,-,"11"" 1366x768 TN Touch",Extreme-Low/Low,5,http://lappylist.com/images/laptop/Dell%20Inspiron%2011%202in1.jpg,convertible,$316 'Extreme-Low/Low',convertible,Dell,Top
$329,Lenovo ThinkPad T440 (refurb),i5-4300U,Intel HD 4400,8GB,640GB 5400RPM,-,"14"" 1600x900 TN",Extreme-Low/Low,9,http://lappylist.com/images/laptop/Lenovo%20ThinkPad%20T440.jpg,programming,$329 'Extreme-Low/Low',programming,Lenovo,Top
$349,Acer Aspire E15-575,i3 7100U,Intel Graphics 620,4GB,1TB 5400RPM,-,"15.6"" 1920x1080 TN",Extreme-Low/Low,5,http://lappylist.com/images/laptop/Acer%20Aspire%20E15%20575.jpg,"programming,mainstream",$349 'Extreme-Low/Low',"programming,mainstream",Acer,Top
$369,Microsoft Surface 3,Atom x7-Z8700,Intel HD Graphics,2GB,-,64GB,"10.8"" 1920x1080 IPS",Extreme-Low/Low,8,http://lappylist.com/images/laptop/Microsoft%20Surface%20Pro%203.jpg,"ultraportable,convertible",$369 'Extreme-Low/Low',"ultraportable,convertible",Microsoft,Top
$377,Asus T102HA,Atom x5-Z8350,Intel HD Graphics,4GB,-,128GB,"10.1"" 1280x800 Touch w/ Pen",Extreme-Low/Low,5,http://lappylist.com/images/laptop/Asus%20T100HA.jpg,convertible,$377 'Extreme-Low/Low',convertible,Asus,Top
$427,Asus T300CHI,M-5Y70,Intel HD 5300,4GB,-,128GB,"12.5"" 1920x1080 IPS Touch",Extreme-Low/Low,7,http://lappylist.com/images/laptop/ASUS%20T300chi.jpg,convertible,$427 'Extreme-Low/Low',convertible,Asus,Top
$444,Asus F441,AMD A9-9420,AMD Radeon R5,8GB,1TB 5400RPM,-,"14"" 1920x1080 TN",Extreme-Low/Low,5,http://lappylist.com/images/laptop2018/Asus%20Vivobook%20F441.jpg,mainstream,$444 'Extreme-Low/Low',mainstream,Asus,Top
$469,Lenovo ThinkPad T440s (refurb),i7-4600U,Intel HD 4400,12GB,-,240GB,"14"" 1600x900 TN",Extreme-Low/Low,9,http://www.lappylist.com/images/laptop/Lenovo%20ThinkPad%20T440.jpg,programming,$469 'Extreme-Low/Low',programming,Lenovo,Top
$4999,Asus ROG Zephyrus Duo i9,Core i9-10980HK,NVIDIA RTX 2080S 8GB,32GB,-,1TB,"15.6"" 3840x2160 IPS",High/Extreme-High,10,https://lappylist.com/images/2020_laptop/Asus_ROG_Zephyrus_Duo_i9.jpg,gaming,$4999 'High/Extreme-High',gaming,Asus,Top
$505,HP Pavilion x360 13,i5-7200U,Intel Graphics 620,8GB,500GB 5400RPM,-,"13.3"" 1920x1080 IPS Touch",Extreme-Low/Low,7,http://www.lappylist.com/images/laptop/HP%20Pavilion%20x360%2013.jpg,"ultraportable,convertible",$505 'Extreme-Low/Low',"ultraportable,convertible",HP,Top
$509,Asus Q504UA,i5-7200U,Intel Graphics 620,6GB,1TB 5400RPM,-,"13.3"" 1920x1080 IPS Touch",Extreme-Low/Low,8,http://lappylist.com/images/laptop/Asus%20Q503UA.jpg,"ultraportable,convertible",$509 'Extreme-Low/Low',"ultraportable,convertible",Asus,Top
$533,Dell Inspiron 13 2 in 1,i5-7200U,Intel Graphics 620,8GB,1TB 5400RPM,-,"13.3"" 1920x1080 IPS Touch",Extreme-Low/Low,7,http://lappylist.com/images/laptop/Dell%20Inspiron%2013%202%20in%201.jpg,"ultraportable,convertible",$533 'Extreme-Low/Low',"ultraportable,convertible",Dell,Top
$575,Acer Aspire V13,i5-6200U,HD Graphics 520,6GB,-,256GB,"13.3"" 1920x1080 IPS Touch",Extreme-Low/Low,6,http://lappylist.com/images/laptop/Acer%20Aspire%20V3-372T.jpg,ultraportable,$575 'Extreme-Low/Low',ultraportable,Acer,Top
$579,Acer Aspire E15-575G,i5-7200U,Nvidia 940MX,8GB,-,256GB,"15.6"" 1920x1080 TN",Extreme-Low/Low,6,http://lappylist.com/images/laptop/Acer%20Aspire%20E15-575G.jpg,mainstream,$579 'Extreme-Low/Low',mainstream,Acer,Top
$599,Acer Aspire E5-576G,i5-8250U,Nvidia MX150,8GB,-,256GB,"15.6"" 1920x1080 TN",Extreme-Low/Low,6,http://lappylist.com/images/laptop2018/Acer%20Aspire%20E5-576G.jpg,programming,$599 'Extreme-Low/Low',programming,Acer,Top
$599,Asus Vivobook F510UA,i5-8250U,Intel UHD Graphics 620,8GB,1TB 5400RPM,128GB,"15.6"" 1920x1080 IPS",Extreme-Low/Low,6,http://lappylist.com/images/laptop2018/Asus%20Vivobook%20F510UA.jpg,"programming,mainstream",$599 'Extreme-Low/Low',"programming,mainstream",Asus,Top
$599,Dell Inspiron 13 i5379,i5-8250U,Intel UHD Graphics 620,8GB,1TB 5400RPM,-,"13.3"" 1920x1080 IPS Touch",Extreme-Low/Low,7,http://lappylist.com/images/laptop2018/Dell%20Inspiron%2013%20i5379.jpg,"programming,convertible",$599 'Extreme-Low/Low',"programming,convertible",Dell,Top
$619,HP Envy 13,i5-7200U,Intel Graphics 620,8GB,-,256GB PCIe,"13.3"" 1920x1080 IPS",Extreme-Low/Low,8,http://lappylist.com/images/laptop/HP%20Envy%2013t.jpg,ultraportable,$619 'Extreme-Low/Low',ultraportable,HP,Top
$649,Asus Vivobook S410UA,i5-8250U,Intel UHD Graphics 620,8GB,1TB FireCuda,-,"14"" 1920x1080",Extreme-Low/Low,7,http://lappylist.com/images/laptop2018/Asus%20Vivobook%20S410UA.jpg,mainstream,$649 'Extreme-Low/Low',mainstream,Asus,Top
$689,Acer Nitro 5,Core i5-9300H,NVIDIA GTX 1650 8GB,8GB,-,256GB,"15.6"" 1920x1080 60hz IPS",Extreme-Low/Low,8,https://lappylist.com/images/2020_laptop/Acer_Nitro_5.jpg,gaming,$689 'Extreme-Low/Low',gaming,Acer,Top
$689,Lenovo ThinkPad E470*,i3-7100U,Intel Graphics 620,4GB,500GB 7200RPM,-,"14"" 1920x1080 IPS",Extreme-Low/Low,6,http://lappylist.com/images/laptop/Lenovo%20ThinkPad%20E460.jpg,programming,$689 'Extreme-Low/Low',programming,Lenovo,Top
$699,Acer Swift 3 14,i5-8250U,Nvidia MX150,8GB,-,256GB,"14"" 1920x1080 IPS",Extreme-Low/Low,8,http://lappylist.com/images/laptop2018/Acer%20Swift%203.jpg,mainstream,$699 'Extreme-Low/Low',mainstream,Acer,Top
$699,Lenovo Yoga 710 11,i5-7Y54,Intel Graphics 615,8GB,-,128GB,"11"" 1920x1080 IPS Touch",Extreme-Low/Low,7,http://lappylist.com/images/laptop/Lenovo%20Y710%20Yoga.jpg,convertible,$699 'Extreme-Low/Low',convertible,Lenovo,Top
$718,Asus TUF FX505DT,Ryzen 5 R5-3550H,NVIDIA GTX 1650 4GB,8GB,-,256GB,"15.6"" 1920x1080 120hz IPS",Medium/Med-High,8,https://lappylist.com/images/2020_laptop/Asus_TUF_FX505.jpg,gaming,$718 'Medium/Med-High',gaming,Asus,Top
$719,Dell Inspiron 13-i5378,i7-7500U,Intel Graphics 620,8GB,-,256GB,"13.3"" 1920x1080 IPS Touch",Medium/Med-High,7,http://lappylist.com/images/laptop/Dell%20Inspiron%2013%202%20in%201.jpg,mainstream,$719 'Medium/Med-High',mainstream,Dell,Top
$729,Toshiba Satellite Radius 12,i7-6500U,Intel Graphics 520,8GB,-,256GB,"12.5"" 3840x2160 IPS Touch",Medium/Med-High,8,http://lappylist.com/images/laptop/Toshiba%20Satellite%20Radius%2012.jpg,"ultraportable,convertible",$729 'Medium/Med-High',"ultraportable,convertible",Toshiba,Top
$737,Lenovo Ideapad L340 G,Core i5-9300H,NVIDIA GTX 1650 4GB,8GB,-,512GB,"15.6"" 1920x1080 60hz IPS",Medium/Med-High,7,https://lappylist.com/images/2020_laptop/Lenovo_Ideapad_L340_Gaming.jpg,gaming,$737 'Medium/Med-High',gaming,Lenovo,Top
$749,Asus Zenbook UX330UA,i5-8250U,Intel UHD Graphics 620,8GB,-,256GB PCIe,"13.3"" 1920x1080 IPS",Medium/Med-High,9,http://lappylist.com/images/laptop/ASUS%20Zenbook%20UX303LA.jpg,"programming,mainstream,ultraportable",$749 'Medium/Med-High',"programming,mainstream,ultraportable",Asus,Top
$749,Dell Inspiron 15-i5557,i5-7300HQ,Nvidia GTX 1050,8GB,-,256GB,"15.6"" 1920x1080 IPS",Medium/Med-High,8,http://lappylist.com/images/laptop/Dell%20Inspiron%2015%20i5557.jpg,mainstream,$749 'Medium/Med-High',mainstream,Dell,Top
$757,Acer Nitro 5 SSD+HDD,Core i5-9300H,NVIDIA GTX 1650 8GB,8GB,1TB,128GB,"15.6"" 1920x1080 60hz IPS",Medium/Med-High,8,https://lappylist.com/images/2020_laptop/Acer_Nitro_5.jpg,gaming,$757 'Medium/Med-High',gaming,Acer,Top
$779,Lenovo Yoga 720 13,i5-7200U,Intel Graphics 620,8GB,-,256GB PCIe,"13.3"" 1920x1080 IPS Touch",Medium/Med-High,8,http://lappylist.com/images/laptop/Lenovo%20Yoga%20720%2013.jpg,convertible,$779 'Medium/Med-High',convertible,Lenovo,Top
$799,Dell Inspiron 13-7378,i5-7200U,Intel Graphics 620,8GB,-,256GB,"13.3"" 1920x1080 IPS Touch",Medium/Med-High,8,http://lappylist.com/images/laptop/Dell%20Inspiron%2013%202%20in%201.jpg,"ultraportable,convertible",$799 'Medium/Med-High',"ultraportable,convertible",Dell,Top
$799,Dell XPS 13 9360,i3-7100U,Intel Graphics 620,4GB,-,128GB,"13.3"" 1920x1080 IPS",Medium/Med-High,9,http://lappylist.com/images/laptop/Dell%20XPS%2013-9350.jpg,ultraportable,$799 'Medium/Med-High',ultraportable,Dell,Top
$817,Asus Zenbook UX360CA,m3-6Y30,Intel Graphics 515,8GB,-,512GB,"13.3"" 1920x1080 IPS Touch",Medium/Med-High,8,http://lappylist.com/images/laptop/Asus%20UX360CA.jpg,"ultraportable,convertible",$817 'Medium/Med-High',"ultraportable,convertible",Asus,Top
$830,Lenovo ThinkPad 13 *,i5-7200U,Intel Graphics 620,8GB,-,128GB,"13.3"" 1920x1080 IPS",Medium/Med-High,9,http://lappylist.com/images/laptop/Lenovo%20ThinkPad%2013.jpg,"programming,ultraportable",$830 'Medium/Med-High',"programming,ultraportable",Lenovo,Top
$849,Dell G3 3590,Core i5-10300H,NVIDIA GTX 1650 4GB,8GB,1TB,256GB,"15.6"" 1920x1080 60Hz",Medium/Med-High,7,https://lappylist.com/images/2020_laptop/Dell_G3_3590.jpg,gaming,$849 'Medium/Med-High',gaming,Dell,Top
$852,Dell Latitude 14 3480*,i5-7200U,Intel Graphics 620,8GB,500GB 7200RPM,-,"14"" 1920x1080 TN",Medium/Med-High,8,http://lappylist.com/images/laptop/Dell%20Latitude%2014%203000.jpg,programming,$852 'Medium/Med-High',programming,Dell,Top
$887,Apple Macbook Air 13,i5-5350U,Intel HD 6000,8GB,-,128GB PCIe,"13.3"" 1440x900",Medium/Med-High,10,http://lappylist.com/images/laptop/Apple%20Macbook%20Air.jpg,"programming,mainstream,ultraportable",$887 'Medium/Med-High',"programming,mainstream,ultraportable",Apple,Top
$889,MSI GF63 THIN 9RCX-818,Core i7-9750H,NVIDIA GTX1050Ti 4GB,8GB,-,256GB,"15.6"" 1920x1080 60Hz IPS",Medium/Med-High,7,https://lappylist.com/images/2020_laptop/MSI_GF63_THIN_9RCX_818.jpg,gaming,$889 'Medium/Med-High',gaming,MSI,Top
$895,Lenovo ThinkPad T470*,i5-7200U,Intel Graphics 620,8GB,500GB 7200RPM,-,"14"" 1920x1080 IPS",Medium/Med-High,9,http://lappylist.com/images/laptop/Lenovo%20ThinkPad%20T460.jpg,programming,$895 'Medium/Med-High',programming,Lenovo,Top
$911,Lenovo ThinkPad T570*,i5-7200U,Intel Graphics 620,8GB,500GB 7200RPM,-,"15.6"" 1920x1080 IPS",Medium/Med-High,9,http://www.lappylist.com/images/laptop/Lenovo%20ThinkPad%20T550.jpg,programming,$911 'Medium/Med-High',programming,Lenovo,Top
$915,Lenovo ThinkPad X270*,i5-7200U,Intel Graphics 620,8GB,500GB 7200RPM,-,"12.5"" 1920x1080 IPS",Medium/Med-High,10,http://lappylist.com/images/laptop/Lenovo%20Thinkpad%20X250.jpg,"programming,ultraportable",$915 'Medium/Med-High',"programming,ultraportable",Lenovo,Top
$964,Microsoft Surface Pro 4,i5-6300U,Intel Graphics 520,8GB,-,256GB,"12.3"" 2736x1824 IPS Touch",Medium/Med-High,8,http://lappylist.com/images/laptop/Microsoft%20Surface%20Pro%204.jpg,"ultraportable,convertible",$964 'Medium/Med-High',"ultraportable,convertible",Microsoft,Top
$985,Asus TUF A15 1660,Ryzen 7 4800H,NVIDIA GTX 1660Ti 6GB,8GB,-,512GB,"15.6"" 1920x1080 144hz IPS",Medium/Med-High,8,https://lappylist.com/images/2020_laptop/Asus_TUF_A15.jpg,gaming,$985 'Medium/Med-High',gaming,Asus,Top
$988,LG Gram 15,i5-7200U,Intel Graphics 620,8GB,-,256GB,"15.6"" 1920x1080 IPS",Medium/Med-High,7,http://lappylist.com/images/laptop/LG%20Gram.jpg,mainstream,$988 'Medium/Med-High',mainstream,LG,Top
$989,HP Spectre x360 13,i5-7200U,Intel Graphics 620,8GB,-,256GB,"13.3"" 1920x1080 IPS Touch",Medium/Med-High,9,http://lappylist.com/images/laptop/HP%20Spectre%20x360.jpg,"ultraportable,convertible",$989 'Medium/Med-High',"ultraportable,convertible",HP,Top
$999,Asus Zenbook UX331UN,i5-8250U,Nvidia MX150,8GB,-,256GB,"13.3"" 1920x1080 IPS Touch",Medium/Med-High,8,http://lappylist.com/images/laptop2018/Asus%20Zenbook%20UX331UN.jpg,"mainstream,ultraportable",$999 'Medium/Med-High',"mainstream,ultraportable",Asus,Top
$999,Dell Latitude 14 3490*,i5-8250U,Intel UHD Graphics 620,8GB,-,256GB PCIe,"14"" 1920x1080 TN",Medium/Med-High,8,http://lappylist.com/images/laptop/Dell%20Latitude%2014%203000.jpg,programming,$999 'Medium/Med-High',programming,Dell,Top
"EGP 36,999.00",HP Pavilion x360 14-ek1019ne,"13th Gen Intel® Core™ i5-1335U Processor 12M Cache, up to 4.60 GHz",Intel® Iris Xe Graphics,8 GB,Unspecified,512 GB PCIe® NVMe™ M.2 SSD,"14"" FHD 1920 x 1080",Low,-,https://2b.com.eg/media/catalog/product/cache/661473ab953cdcdf4c3b607144109b90/z/h/zh495.jpg,360X,"EGP 36,999.00 'Low'","360X,https://2b.com.eg/en/hp-pavilion-x360-14-ek1019ne-laptop-intelr-coretm-i5-1335u-8gb-512gb-ssd-intelr-irisr-graphics-14-fhd-win11-silver.html,In stock",HP,Deal
"EGP 121,699.00",HP Spectre x360 16-aa0014ne,"Intel® Core™ Ultra 7 Processor 155H 24M Cache, up to 4.80 GHz",NVIDIA® GeForce RTX™ 4050 6GB GDDR6,16 GB,Unspecified,1 TB PCIe® Gen4 NVMe™ TLC M.2 SSD,"16"" OLED Touch",High/Extreme-High,-,https://2b.com.eg/media/catalog/product/cache/661473ab953cdcdf4c3b607144109b90/z/h/zh508-22.png,360X,"EGP 121,699.00 'High/Extreme-High'","360X,https://2b.com.eg/en/hp-spectre-x360-16-aa0014ne-laptop-intelr-coretm-ultra-7-155h-16gb-1tb-ssd-nvidiar-geforce-rtxtm-4050-6gb-16-oled-touch-win11-nightfall-black-aluminum.html,In stock Only 4 left",HP,Deal
"EGP 34,999.00",HP Pavilion x360 14-ek0011ne,"12th Gen Intel® Core™ i5-1235U (up to 4.4 GHz with Intel® Turbo Boost Technology, 12 MB L3 cache, 10 cores, 12 threads)",Intel® Iris® Xᵉ Graphics,8 GB,Unspecified,512 GB PCIe® NVMe™ M.2 SSD,"14"" FHD 1920 x 1080",Low,-,https://2b.com.eg/media/catalog/product/cache/661473ab953cdcdf4c3b607144109b90/z/h/zh395-2-2b.jpg,360X,"EGP 34,999.00 'Low'","360X,https://2b.com.eg/en/hp-pavilion-x360-14-ek0011ne-intelr-coretmi5-1235u-8gb-512gb-ssd-intelr-irisr-x-graphics-14-fhd-win11-natural-silver.html,In stock",HP,Deal
"EGP 121,699.00",HP Spectre x360 16-aa0013ne,"Intel® Core™ Ultra 7 Processor 155H 24M Cache, up to 4.80 GHz",NVIDIA® GeForce RTX™ 4050 6GB GDDR6,16 GB,Unspecified,1 TB PCIe® Gen4 NVMe™ TLC M.2 SSD,"16"" OLED Touch",High/Extreme-High,-,https://2b.com.eg/media/catalog/product/cache/661473ab953cdcdf4c3b607144109b90/z/h/zh509-1.jpg,360X,"EGP 121,699.00 'High/Extreme-High'","360X,https://2b.com.eg/en/hp-spectre-x360-16-aa0013ne-laptop-intelr-coretm-ultra-7-155h-16gb-1tb-ssd-nvidiar-geforce-rtxtm-4050-6gb-16-oled-touch-win11-blue.html,In stock Only 2 left",HP,Deal
"EGP 32,899.00",Lenovo LOQ 15IAX9,"Intel® Core™ i5-12450HX, 8C (4P + 4E) / 12T, P-core up to 4.4GHz, E-core up to 3.1GHz, 12MB",NVIDIA® GeForce RTX™ 2050 4GB GDDR6,8 GB,Unspecified,512GB SSD M.2 2242 PCIe® 4.0x4 NVMe®,"15.6"" FHD (1920x1080)",Low,-,https://2b.com.eg/media/catalog/product/cache/661473ab953cdcdf4c3b607144109b90/z/l/zl425.png,Gaming,"EGP 32,899.00 'Low'","Gaming,https://2b.com.eg/en/lenovo-loq-15iax9-laptop-intelr-coretm-i5-12450hx-8gb-512gb-ssd-nvidiar-geforce-rtxtm-2050-4gb-15-6-fhd-luna-grey.html,In stock",Lenovo,Deal
"EGP 62,199.00",Lenovo LOQ 15IRX9,"Intel® Core™ i7-14700HX, 20C (8P + 12E) / 28T, P-core 2.1 / 5.5GHz, E-core 1.5 / 3.9GHz, 33MB",NVIDIA® GeForce RTX™ 4060 8GB GDDR6,16 GB,Unspecified,1TB SSD M.2 2242 PCIe® 4.0x4 NVMe®,"15.6"" FHD (1920x1080)",High/Extreme-High,-,https://2b.com.eg/media/catalog/product/cache/661473ab953cdcdf4c3b607144109b90/z/l/zl457-1_1_1.png,Gaming,"EGP 62,199.00 'High/Extreme-High'","Gaming,https://2b.com.eg/en/lenovo-loq-15irx9-laptop-intelr-coretm-i7-14700hx-16gb-1tb-ssd-nvidiar-geforcetm-rtx-4060-8gb-15-6-fhd-luna-grey.html,In stock",Lenovo,Deal
"EGP 35,199.00",Lenovo LOQ 15IAX9,"Intel® Core™ i5-12450HX, 8C (4P + 4E) / 12T, P-core up to 4.4GHz, E-core up to 3.1GHz, 12MB",NVIDIA® GeForce RTX™ 3050 6GB GDDR6,8 GB,Unspecified,512GB SSD M.2 2242 PCIe® 4.0x4 NVMe®,"15.6"" FHD (1920x1080)",Low,-,https://2b.com.eg/media/catalog/product/cache/661473ab953cdcdf4c3b607144109b90/z/l/zl425_1.png,Gaming,"EGP 35,199.00 'Low'","Gaming,https://2b.com.eg/en/lenovo-loq-15iax9-laptop-intelr-coretm-i5-12450hx-8gb-512gb-ssd-nvidiar-geforce-rtxtm-3050-6gb-15-6-fhd-luna-grey.html,In stock",Lenovo,Deal
"EGP 46,999.00",Lenovo LOQ 15IRX9,"Intel® Core™ i7-13650HX, 14C (6P + 8E) / 20T, P-core 2.6 / 4.9GHz, E-core 1.9 / 3.6GHz, 24MB",NVIDIA® GeForce RTX™ 3050 6GB GDDR6,16 GB,Unspecified,512GB SSD M.2 2242 PCIe® 4.0x4 NVMe,"15.6"" FHD (1920x1080)",Medium,-,https://2b.com.eg/media/catalog/product/cache/661473ab953cdcdf4c3b607144109b90/z/l/zl457-1.png,Gaming,"EGP 46,999.00 'Medium'","Gaming,https://2b.com.eg/en/lenovo-loq-15irx9-laptop-intelr-coretm-i7-13650hx-16gb-512gb-ssd-nvidiar-geforce-rtxtm-3050-6gb-15-6-fhd-luna-grey.html,In stock",Lenovo,Deal
"EGP 179,999.00",GU605MY-QR061W,"Intel® Core™ Ultra 9 Processor 185H 2.3 GHz (24MB Cache, up to 5.1 GHz, 16 cores, 22 Threads); Intel® AI Boost NPU",NVIDIA® GeForce RTX™ 4090 16GB,32 GB,Unspecified,2TB PCIe® 4.0 NVMe™ M.2 Performance SSD,16.0'' 2.5K,High/Extreme-High,-,https://2b.com.eg/media/catalog/product/cache/661473ab953cdcdf4c3b607144109b90/z/u/zu318_1.png,Gaming,"EGP 179,999.00 'High/Extreme-High'","Gaming,https://2b.com.eg/en/asus-rog-zephyrus-g16-gu605my-qr061w-laptop-intelr-ultra-9-185h-32gb-2tb-ssd-nvidiar-geforce-rtx-4090-16gb-16-2-5k-wqxga-win11-gray.html,In stock Only 1 left",Asus,Deal
"EGP 44,999.00",Acer Nitro V15 ANV15-51-755S,"13th Gen Intel® Core™ i7-13620H Processor 24M Cache, up to 4.90 GHz",NVIDIA® GeForce RTX™ 4050 6GB GDDR6,16 GB,Unspecified,512GB M.2 NVMe™ PCIe® 4.0 SSD,15.6 FHD 1920 x 1080,Medium,-,https://2b.com.eg/media/catalog/product/cache/661473ab953cdcdf4c3b607144109b90/z/c/zc564-1.jpg,Gaming,"EGP 44,999.00 'Medium'","Gaming,https://2b.com.eg/en/acer-nitro-v15-anv15-51-755s-laptop-intelr-coretm-i7-13620h-16gb-512gb-ssd-nvidiar-geforcer-rtx-4050-6gb-15-6-fhd-black.html,In stock",Acer,Deal
"EGP 60,599.00",Lenovo LOQ 15IRX9,"Intel® Core™ i7-13650HX, 14C (6P + 8E) / 20T, P-core 2.6 / 4.9GHz, E-core 1.9 / 3.6GHz, 24MB",NVIDIA® GeForce RTX™ 4060 8GB GDDR6,16 GB,Unspecified,512GB SSD M.2 2242 PCIe® 4.0x4 NVMe,"15.6"" FHD (1920x1080)",High/Extreme-High,-,https://2b.com.eg/media/catalog/product/cache/661473ab953cdcdf4c3b607144109b90/z/l/zl494.jpg,Gaming,"EGP 60,599.00 'High/Extreme-High'","Gaming,https://2b.com.eg/en/lenovo-loq-15irx9-laptop-intelr-coretm-i7-13650hx-16gb-512gb-ssd-nvidiar-geforce-rtx-4060-8gb-15-6-fhd-luna-grey.html,In stock Only 4 left",Lenovo,Deal
"EGP 44,999.00",MSI Thin 15 B13VE,"13 Gen Intel® Core™ i7-13620H Processor 24M Cache, up to 4.90 GHz",NVIDIA® GeForce RTX™ 4050 Laptop GPU 6GB GDDR6,16 GB,Unspecified,512GB NVMe PCIe SSD,"15.6"" FHD (1920x1080)",Medium,-,https://2b.com.eg/media/catalog/product/cache/661473ab953cdcdf4c3b607144109b90/z/m/zm990_1.jpg,Gaming,"EGP 44,999.00 'Medium'","Gaming,https://2b.com.eg/en/msi-thin-15-b13ve-laptop-intelr-coretm-i7-13620h-16gb-512gb-ssd-nvidiar-geforce-rtxtm-4050-6gb-15-6-fhd-gray.html,In stock",MSI,Deal
"EGP 27,999.00",MSI Thin 15 B12UCX,"12 Gen Intel® Core™ i5-12450H Processor 12M Cache, up to 4.40 GHz",NVIDIA® GeForce RTX™ 2050 Laptop GPU 4GB GDDR6,8 GB,Unspecified,512GB NVMe PCIe SSD,"15.6"" FHD (1920x1080)",Low,-,https://2b.com.eg/media/catalog/product/cache/661473ab953cdcdf4c3b607144109b90/z/m/zm991-1.jpg,Gaming,"EGP 27,999.00 'Low'","Gaming,https://2b.com.eg/en/msi-thin-15-b12ucx-laptop-intelr-coretm-i5-12450h-8gb-512gb-ssd-nvidiar-geforce-rtx-2050-4gb-15-6-fhd-gray.html,In stock",MSI,Deal
"EGP 81,099.00",Lenovo Legion 5 Pro 16IRX9,"14th Generation Intel® Core™ i7-14650HX, 16C (8P + 8E) / 24T, P-core 2.2 / 5.2GHz, E-core 1.6 / 3.7GHz, 30MB",NVIDIA® GeForce RTX™ 4060 8GB GDDR6,16 GB,Unspecified,1TB SSD M.2 2280 PCIe® 4.0x4 NVMe®,"16"" WQXGA (2560x1600)",High/Extreme-High,-,https://2b.com.eg/media/catalog/product/cache/661473ab953cdcdf4c3b607144109b90/z/l/zl469-1.jpg,Gaming,"EGP 81,099.00 'High/Extreme-High'","Gaming,https://2b.com.eg/en/lenovo-legion-5-pro-16irx9-laptop-intelr-coretm-i7-14650hx-16gb-1tbssd-nvidiar-geforcer-rtx-4060-8gb-16-wuxga-grey.html,In stock",Lenovo,Deal
"EGP 47,999.00",ASUS TUF Gaming A15 FA507NUR-LP007W,AMD Ryzen™ 7-7435HS,NVIDIA® GeForce RTX™ 4050 6GB,16 GB,Unspecified,-,"15.6"" FHD (1920x1080)",Medium,-,https://2b.com.eg/media/catalog/product/cache/661473ab953cdcdf4c3b607144109b90/z/u/zu435_1_2.png,Gaming,"EGP 47,999.00 'Medium'","Gaming,https://2b.com.eg/en/asus-tuf-gaming-a15-fa507nur-lp007w-laptop-amd-ryzen-7-7435hs-16gb-512gb-ssd-nvidiar-geforcer-rtx-4050-6gb-15-6-fhd-win11-off-grey.html,In stock",Asus,Deal
"EGP 31,499.00",Asus TUF Gaming A15 FA506NFR-HN007W,AMD Ryzen™ 7 7435HS,NVIDIA® GeForce® RTX™ 2050 4GB,8 GB,Unspecified,-,15.6'' FHD,Low,-,https://2b.com.eg/media/catalog/product/cache/661473ab953cdcdf4c3b607144109b90/z/u/zu352.png,Gaming,"EGP 31,499.00 'Low'","Gaming,https://2b.com.eg/en/asus-tuf-gaming-a15-fa506nfr-hn007w-laptop-amd-ryzentm-7-7435hs-8gb-512gb-ssd-nvidiar-geforcer-rtxtm-2050-4gb-15-6-fhd-win11-graphite-black.html,In stock",Asus,Deal
"EGP 56,499.00",ASUS TUF Gaming F15 FX507VV-LP156W,"13th Intel® Core™ i7-13620H Processor 24M Cache, up to 4.90 GHz",NVIDIA® GeForce® RTX 4060 8GB GDDR6,16 GB,Unspecified,1TB PCIe® 4.0 NVMe™ M.2 SSD,"15.6"" FHD",High/Extreme-High,-,https://2b.com.eg/media/catalog/product/cache/661473ab953cdcdf4c3b607144109b90/z/u/zu325.jpg,Gaming,"EGP 56,499.00 'High/Extreme-High'","Gaming,https://2b.com.eg/en/asus-tuf-gaming-f15-fx507vv-lp156w-laptop-intelr-coretm-i7-13620h-16gb-1tb-ssd-nvidiar-geforcer-rtx-4060-8gb-15-6-fhd-win11-jaeger-gray.html,In stock",Asus,Deal
"EGP 48,999.00",Lenovo LOQ 15IRX9,"Intel® Core™ i7-13650HX, 14C (6P + 8E) / 20T, P-core 2.6 / 4.9GHz, E-core 1.9 / 3.6GHz, 24MB",NVIDIA® GeForce RTX™ 4050 6GB GDDR6,16 GB,Unspecified,512GB SSD M.2 2242 PCIe® 4.0x4 NVMe,"15.6"" FHD (1920x1080)",Medium,-,https://2b.com.eg/media/catalog/product/cache/661473ab953cdcdf4c3b607144109b90/z/l/zl457-1_1.png,Gaming,"EGP 48,999.00 'Medium'","Gaming,https://2b.com.eg/en/lenovo-loq-15irx9-laptop-intelr-coretm-i7-13650hx-16gb-512gb-ssd-nvidiar-geforce-rtxtm-4050-6gb-15-6-fhd-luna-grey.html,In stock",Lenovo,Deal
"EGP 68,599.00",Lenovo LOQ 15ARP9,"AMD Ryzen™ 7 7435HS (8C / 16T, 3.1 / 4.5GHz, 4MB L2 / 16MB L3)",NVIDIA® GeForce RTX™ 4070 8GB GDDR6,24GB,Unspecified,1TB SSD M.2 2242 PCIe® 4.0x4 NVMe®,"15.6"" FHD (1920x1080)",High/Extreme-High,-,https://2b.com.eg/media/catalog/product/cache/661473ab953cdcdf4c3b607144109b90/z/l/zl829-1.jpg,Gaming,"EGP 68,599.00 'High/Extreme-High'","Gaming,https://2b.com.eg/en/lenovo-loq-15arp9-laptop-amd-ryzen-7-7435hs-24gb-1tb-ssd-nvidiar-geforcer-rtx-4070-8gb-15-6-fhd-win-11-gray.html,In stock Only 1 left",Lenovo,Deal
"EGP 49,999.00",HP Victus fb0034ne,"AMD Ryzen™ 7 5800H (up to 4.4 GHz max boost clock, 16 MB L3 cache, 8 cores, 16 threads",NVIDIA® GeForce RTX™ 3050 Laptop GPU (4 GB GDDR6 dedicated),16 GB,Unspecified,512GB SSD,"15.6"" FHD 1920 x 1080, 144 Hz",Medium,-,https://2b.com.eg/media/catalog/product/cache/661473ab953cdcdf4c3b607144109b90/z/h/zh417-1-2b_1_2.jpg,Gaming,"EGP 49,999.00 'Medium'","Gaming,https://2b.com.eg/en/hp-victus-15-fb0034ne-amd-ryzentm-7-5800h-16gb-512gb-ssd-nvidiar-geforce-rtxtm-3050-4gb-15-6-fhd-win11-mica-silver.html,In stock",HP,Deal
"EGP 55,599.00",HP Victus 16–R0046ne,"13 Gen Intel® Core™ i7-13700H (up to 5.0 GHz with Intel® Turbo Boost Technology, 24 MB L3 cache, 14 cores, 20 threads)",NVIDIA® GeForce RTX™ 4050 Laptop GPU (6 GB GDDR6 dedicated),16 GB,Unspecified,1 TB PCIe® Gen4 NVMe™ M.2 SSD,"(16.1"") FHD (1920 x 1080)",High/Extreme-High,-,https://2b.com.eg/media/catalog/product/cache/661473ab953cdcdf4c3b607144109b90/z/h/zh430_1.png,Gaming,"EGP 55,599.00 'High/Extreme-High'","Gaming,https://2b.com.eg/en/hp-victus-16-r0046ne-laptop-intelr-coretm-i7-13700h-16gb-1tb-ssd-nvidiar-geforce-rtxtm-4050-6gb-16-1-fhd-performance-blue.html,In stock",HP,Deal
"EGP 49,999.00",HP Victus 15-fa1097ne,"13 Gen Intel® Core™ i7-13700H (up to 5.0 GHz with Intel® Turbo Boost Technology, 24 MB L3 cache, 14 cores, 20 threads)",NVIDIA® GeForce RTX™ 4050 6GB,16 GB,Unspecified,512GB SSD,15.6 FHD ( 1920 x 1080 ),Medium,-,https://2b.com.eg/media/catalog/product/cache/661473ab953cdcdf4c3b607144109b90/z/h/zh429-new.png,Gaming,"EGP 49,999.00 'Medium'","Gaming,https://2b.com.eg/en/hp-victus-15-fa1097ne-laptop-intelr-coretm-i7-13700h-16gb-512-gb-ssd-nvidiar-geforce-rtxtm-4050-6gb-15-6-fhd-silver.html,In stock",HP,Deal
"EGP 59,999.00",HP Victus16-R0047nia,"13 Gen Intel® Core™ i7-13700H (up to 5.0 GHz with Intel® Turbo Boost Technology, 24 MB L3 cache, 14 cores, 20 threads)",NVIDIA® GeForce RTX 4060 8GB,16 GB,Unspecified,1 TB PCIe® Gen4 NVMe™ M.2 SSD,16.1 FHD (1920 x 1080),High/Extreme-High,-,https://2b.com.eg/media/catalog/product/cache/661473ab953cdcdf4c3b607144109b90/z/h/zh514-1.jpg,Gaming,"EGP 59,999.00 'High/Extreme-High'","Gaming,https://2b.com.eg/en/hp-victus-16-r0047nia-laptop-intelr-coretm-i7-13700h-16gb-1tb-ssd-nvidiar-geforce-rtx-4060-8gb-16-1-fhd-blue.html,In stock",HP,Deal
"EGP 52,499.00",ASUS TUF Gaming A15 FA507NVR-LP007W,"AMD Ryzen™ 7 7435HS Mobile Processor 3.1GHz (20MB Cache, up to 4.5 GHz, 8 cores, 16 Threads)",NVIDIA® GeForce RTX™ 4060 Laptop GPU,16 GB,Unspecified,M.2 PCIe 512GB,"15.6"" FHD (1920x1080)",High/Extreme-High,-,https://2b.com.eg/media/catalog/product/cache/661473ab953cdcdf4c3b607144109b90/z/u/zu435_1_1.png,Gaming,"EGP 52,499.00 'High/Extreme-High'","Gaming,https://2b.com.eg/en/asus-tuf-gaming-a15-fa507nvr-lp007w-laptop-amd-ryzen-7-7435hs-16gb-512gb-ssd-nvidiar-geforcer-rtx-4060-8gb-15-6-fhd-win11-off-grey.html,In stock",Asus,Deal
"EGP 49,999.00",ASUS TUF Gaming F15 FX507VU-LP163W,"13th Intel® Core™ i7-13620H Processor 24M Cache, up to 4.90 GHz",NVIDIA® GeForce® RTX™ 4050 6GB,16 GB,Unspecified,512GB PCIe® 4.0 NVMe™ M.2 SSD,"15.6"" FHD",Medium,-,https://2b.com.eg/media/catalog/product/cache/661473ab953cdcdf4c3b607144109b90/z/u/zu412-1.png,Gaming,"EGP 49,999.00 'Medium'","Gaming,https://2b.com.eg/en/asus-tuf-gaming-f15-fx507vu-lp163w-laptop-intelr-coretm-i7-13620h-16gb-512gb-ssd-nvidiar-geforcer-rtxtm-4050-6gb-15-6-fhd-win11-jaeger-gray.html,In stock",Asus,Deal
"EGP 66,999.00",HP Victus 16-R0027ne,"13 Gen Intel® Core™ i7-13700H (up to 5.0 GHz with Intel® Turbo Boost Technology, 24 MB L3 cache, 14 cores, 20 threads)",NVIDIA® GeForce RTX 4070 8GB,16 GB,Unspecified,1TB SSD,16.1 FHD (1920 x 1080),High/Extreme-High,-,https://2b.com.eg/media/catalog/product/cache/661473ab953cdcdf4c3b607144109b90/z/h/zh515-1.jpg,Gaming,"EGP 66,999.00 'High/Extreme-High'","Gaming,https://2b.com.eg/en/hp-victus-16-r0027ne-laptop-intelr-coretm-i7-13700h-16gb-1tb-ssd-nvidiar-geforce-rtx-4070-8gb-16-1-fhd-mica-silver.html,In stock",HP,Deal
"EGP 39,299.00",MSI Thin 15 B13UC,"13 Gen Intel® Core9S7-16R831-2615i7-13620H Processor 24M Cache, up to 4.90 GHz",NVIDIA® GeForce RTX™ 3050 Laptop GPU 4GB GDDR6,16 GB,Unspecified,512GB NVMe PCIe SSD,"15.6"" FHD (1920x1080)",Medium,-,https://2b.com.eg/media/catalog/product/cache/661473ab953cdcdf4c3b607144109b90/z/m/zm990.jpg,Gaming,"EGP 39,299.00 'Medium'","Gaming,https://2b.com.eg/en/msi-thin-15-b13uc-laptop-intelr-coretm-i7-13620h-16gb-512gb-ssd-nvidiar-geforce-rtx-3050-4gb-15-6-fhd-gray.html,In stock",MSI,Deal
"EGP 38,999.00",HP Victus 15-FA0025NR,"12th Gen Intel® Core™ i5-12500H (up to 4.5 GHz with Intel® Turbo Boost Technology, 18 MB L3 cache, 12 cores, 16 threads)",NVIDIA® GeForce® RTX 3050 4GB,8 GB,Unspecified,512GB PCIe® NVMe™ M.2 SSD,"15.6"" FHD (1920 x 1080)",Medium,-,https://2b.com.eg/media/catalog/product/cache/661473ab953cdcdf4c3b607144109b90/z/h/zh414-1-2b_1.jpg,Gaming,"EGP 38,999.00 'Medium'","Gaming,https://2b.com.eg/en/hp-victus-15-fa0025nr-laptop-intelr-core-i5-12500h-8gb-512gb-ssd-nvidiar-geforcer-rtx-3050-4gb-15-6-fhd-win11-mica-silver.html,In stock Only 1 left",HP,Deal
"EGP 37,499.00",ASUS TUF Gaming A15 FA506NCR-HN007W,AMD Ryzen™ 7-7435HS,NVIDIA® GeForce® RTX™ 3050 4GB,8 GB,Unspecified,512GB PCIe® 4.0 NVMe™ M.2 SSD,15.6'' FHD,Medium,-,https://2b.com.eg/media/catalog/product/cache/661473ab953cdcdf4c3b607144109b90/z/u/zu915-1.png,Gaming,"EGP 37,499.00 'Medium'","Gaming,https://2b.com.eg/en/asus-tuf-gaming-a15-fa506ncr-hn007w-laptop-amd-ryzentm-7-7435hs-8gb-512gb-ssd-nvidiar-geforcer-rtxtm-3050-4gb-15-6-fhd-win11-off-black.html,In stock",Asus,Deal
"EGP 69,999.00",HP Victus 16-r0068ne,"13 Gen Intel® Core™Intel® Core™ i7-13700H (up to 5.0 GHz with Intel® Turbo Boost Technology, 24 MB L3 cache, 14 cores, 20 threads)",NVIDIA® GeForce RTX™ 4060 8GB GDDR6,16 GB,Unspecified,1TB SSD,"16"" QHD 2560 x 1440",High/Extreme-High,-,https://2b.com.eg/media/catalog/product/cache/661473ab953cdcdf4c3b607144109b90/z/h/zh465.jpg,Gaming,"EGP 69,999.00 'High/Extreme-High'","Gaming,https://2b.com.eg/en/hp-victus-16-r0068ne-laptop-intelr-coretm-i7-13700h-16gb-1tb-ssd-nvidiar-geforce-rtx-4060-8gb-16-qhd-win11-blue.html,In stock",HP,Deal
"EGP 61,999.00",HP Victus 16-R0043NE,"13 Gen Intel® Core™ i7-13700H (up to 5.0 GHz with Intel® Turbo Boost Technology, 24 MB L3 cache, 14 cores, 20 threads)",NVIDIA® GeForce RTX™ 4060 Laptop GPU 8 GB GDDR6,16 GB,Unspecified,1 TB PCIe® Gen4 NVMe™ M.2 SSD,16.1 FHD (1920 x 1080),High/Extreme-High,-,https://2b.com.eg/media/catalog/product/cache/661473ab953cdcdf4c3b607144109b90/z/h/zh430_1_1.png,Gaming,"EGP 61,999.00 'High/Extreme-High'","Gaming,https://2b.com.eg/en/hp-victus-16-r0043ne-laptop-intelr-coretm-i7-13700h-16gb-1tb-ssd-nvidiar-geforce-rtx-4060-8gb-16-1-fhd-blue.html,In stock Only 4 left",HP,Deal
"EGP 52,899.00",HP Victus 15-fa1109ne,"13th Gen Intel® Core™ i7-13700H Processor 24M Cache, up to 5 GHz",NVIDIA® GeForce RTX 4050 6GB GDDR6,16 GB,Unspecified,512GB SSD,15.6 FHD ( 1920 x 1080 ),High/Extreme-High,-,https://2b.com.eg/media/catalog/product/cache/661473ab953cdcdf4c3b607144109b90/z/h/zh450-new-6_1.png,Gaming,"EGP 52,899.00 'High/Extreme-High'","Gaming,https://2b.com.eg/en/hp-victus-15-fa1109ne-laptop-intelr-core-i7-13700h-16gb-512gb-ssd-nvidiar-geforce-rtx-3050-6gb-15-6-fhd-win11-blue.html,In stock",HP,Deal
"EGP 74,999.00",HP Victus 16-r0059wm,"13 Gen Intel® Core™ i7-13700H (up to 5.0 GHz with Intel® Turbo Boost Technology, 24 MB L3 cache, 14 cores, 20 threads)",NVIDIA® GeForce RTX™ 4060 Laptop GPU (8 GB GDDR6 dedicated),16 GB,Unspecified,1 TB PCIe® Gen4 NVMe™ M.2 SSD,(16.1) FHD (1920 x 1080),High/Extreme-High,-,https://2b.com.eg/media/catalog/product/cache/661473ab953cdcdf4c3b607144109b90/z/h/zh445-1_1_1.png,Gaming,"EGP 74,999.00 'High/Extreme-High'","Gaming,https://2b.com.eg/en/hp-victus-16-r0059wm-laptop-intelr-coretm-i7-13700h-16gb-1tb-ssd-nvidiar-geforce-rtxtm-4060-8gb-16-1-fhd-mica-silver.html,In stock Only 1 left",HP,Deal
"EGP 157,999.00",HP OMEN 16-wf0004ne,"Intel® Core™ i7-13700HX Processor 30M Cache, up to 5.00 GHz",NVIDIA® GeForce RTX™ 4080 12GB GDDR6,32 GB,Unspecified,1TB SSD,"16.1"" QHD (2560 x 1440)",High/Extreme-High,-,https://2b.com.eg/media/catalog/product/cache/661473ab953cdcdf4c3b607144109b90/z/h/zh470.jpg,Gaming,"EGP 157,999.00 'High/Extreme-High'","Gaming,https://2b.com.eg/en/hp-omen-16-wf0004ne-laptop-intelr-coretm-i7-13700hx-32gb-1tb-ssd-nvidiar-geforce-rtx-4080-12gb-16-1-qhd-win11-black.html,In stock Only 2 left",HP,Deal
"EGP 31,999.00",Dell G15-5515,"AMD® Ryzen™ 7 5800H Mobile (20 MB total cache, 8 cores, 16 threads)",NVIDIA® GeForce RTX™ 3050 4GB,8 GB,Unspecified,"512 GB, M.2, PCIe NVMe, SSD","15.6"", FHD 1920x1080",Low,-,https://2b.com.eg/media/catalog/product/cache/661473ab953cdcdf4c3b607144109b90/z/d/zd089-1n-2b.jpg,Gaming,"EGP 31,999.00 'Low'","Gaming,https://2b.com.eg/en/dell-g15-5515-amd-ryzentm-7-5800h-8gb-512gb-ssd-nvidiar-geforce-rtxtm-3050-4gb-15-6-fhd-phantom-grey.html,Out Of Stock",Dell,Deal
"EGP 40,799.00",HP Pavilion Aero 13-BE2003NE,AMD Ryzen R5-7535U,AMD Radeon Graphics,8 GB,Unspecified,512GB SSD,"13.3"" WUXGA",Medium,-,https://2b.com.eg/media/catalog/product/cache/661473ab953cdcdf4c3b607144109b90/z/h/zh502.jpg,Professional,"EGP 40,799.00 'Medium'","Professional,https://2b.com.eg/en/hp-pavilion-aero-13-be2003ne-laptop-amd-ryzen-r5-7535u-8gb-512gb-ssd-amd-radeon-graphics-13-3-wuxga-win11-natural-silver.html,In stock",HP,Deal
"EGP 26,999.00",Dell Vostro 3520,"12th Generation Intel® Core™ i7-1255U Processor 12M Cache, up to 4.70 GHz",Intel® UHD Integrated Graphics,8 GB,Unspecified,512GB SSD,15.6'' FHD,Low,-,https://2b.com.eg/media/catalog/product/cache/661473ab953cdcdf4c3b607144109b90/z/d/zd157-11.png,Professional,"EGP 26,999.00 'Low'","Professional,https://2b.com.eg/en/dell-vostro-3520-intelr-coretm-i7-1255u-8gb-512gb-ssd-intelr-uhd-integrated-graphics-15-6-fhd-ubuntu-carbon-black.html,In stock",Dell,Deal
"EGP 21,999.00",HP 14-em0006ne,"AMD Ryzen™ 5 7520U (up to 4.3 GHz max boost clock, 4 MB L3 cache, 4 cores, 8 threads)",AMD Radeon Graphics,8 GB,Unspecified,512 GB PCIe® NVMe™ M.2 SSD,"14"" FHD 1920 x 1080",Low,-,https://2b.com.eg/media/catalog/product/cache/661473ab953cdcdf4c3b607144109b90/l/a/layer_1054.jpg,Professional,"EGP 21,999.00 'Low'","Professional,https://2b.com.eg/en/hp-14-em0006ne-laptop-amd-ryzentm-5-7520u-8gb-512gb-ssd-amd-radeontm-graphics-14-fhd-win11-natural-silver.html,In stock Only 3 left",HP,Deal
"EGP 45,999.00",Lenovo Ideapad 5 Slim 16IMH9,"Intel® Core™ Ultra 7 155H, 16C (6P + 8E + 2LPE) / 22T, Max Turbo up to 4.8GHz, 24MB",Integrated Intel® Arc™ Graphics,16 GB,Unspecified,512GB SSD M.2 2242 PCIe® 4.0x4 NVMe®,"16"" WUXGA (1920x1200)",Medium,-,https://2b.com.eg/media/catalog/product/cache/661473ab953cdcdf4c3b607144109b90/z/l/zl449.png,Professional,"EGP 45,999.00 'Medium'","Professional,https://2b.com.eg/en/lenovo-ideapad-5-slim-17imh9-laptop-intelr-coretm-ultra-7-155h-16gb-512gb-ssd-integrated-intelr-arctm-graphics-16-wuxga-win11-cloud-grey.html,In stock",Lenovo,Deal
"EGP 26,799.00",Lenovo Ideapad 3 Slim 15IRH8,"13 Gen Intel® Core™ i5-13420H, 8C (4P + 4E) / 12T, P-core 2.1 / 4.6GHz, E-core 1.5 / 3.4GHz, 12MB",Integrated Intel® UHD Graphics,16 GB,Unspecified,512GB SSD M.2 2242 PCIe® 4.0x4 NVMe®,"15.6"" FHD (1920x1080)",Low,-,https://2b.com.eg/media/catalog/product/cache/661473ab953cdcdf4c3b607144109b90/z/l/zl444.jpg,Professional,"EGP 26,799.00 'Low'","Professional,https://2b.com.eg/en/lenovo-ideapad-3-slim-15irh8-laptop-intelr-coretm-i5-13420h-16gb-512gb-ssd-integrated-intelr-uhd-graphics-15-6-fhd-arctic-grey.html,Out Of Stock",Lenovo,Deal
"EGP 19,999.00",ASUS Vivobook 15 X1504VA-NJ005W,"Intel® Core™ i5-1335U Processor 1.3 GHz (12MB Cache, up to 4.6 GHz, 10 cores, 12 Threads)",Intel® UHD Integrated Graphics,8 GB,Unspecified,512GB M.2 NVMe™ PCIe® 3.0 SSD,15.6 FHD (1920 x 1080),Low,-,https://2b.com.eg/media/catalog/product/cache/661473ab953cdcdf4c3b607144109b90/z/u/zu492.jpg,Professional,"EGP 19,999.00 'Low'","Professional,https://2b.com.eg/en/asus-vivobook-15-x1504va-nj005w-laptop-intelr-coretm-i5-1335u-8gb-512gb-ssd-intelr-uhd-integrated-graphics-15-6-fhd-win11-quiet-blue.html,In stock",Asus,Deal
"EGP 23,999.00",Lenovo Ideapad 3 Slim 15IAH8,"Intel® Core™ i5-13420H, 8C (4P + 4E) / 12T, P-core 2.1 / 4.6GHz, E-core 1.5 / 3.4GHz, 12MB",Integrated Intel® UHD Graphics,8 GB,Unspecified,512GB SSD M.2 2242 PCIe® 4.0x4 NVMe®,"15.6"" FHD (1920x1080)",Low,-,https://2b.com.eg/media/catalog/product/cache/661473ab953cdcdf4c3b607144109b90/z/l/zl517.jpg,Professional,"EGP 23,999.00 'Low'","Professional,https://2b.com.eg/en/lenovo-ideapad-3-slim-15iah8-laptop-intelr-coretm-i5-12420h-8gb-512gb-ssd-intelr-uhd-integrated-graphics-15-6-fhd-win11-arctic-grey.html,In stock",Lenovo,Deal
"EGP 16,999.00",Lenovo IdeaPad Slim 3 15IRU8,"13th Gen Intel® Core™ i3-1315U, 6C (2P + 4E) / 8T, P-core 1.2 / 4.5GHz, E-core 0.9 / 3.3GHz, 10MB",Intel UHD Graphics,8 GB,Unspecified,256GB SSD M.2 2242 PCIe® 4.0x4 NVMe®,"15.6"" FHD (1920x1080)",Low,-,https://2b.com.eg/media/catalog/product/cache/661473ab953cdcdf4c3b607144109b90/z/l/zl830-1.jpg,Professional,"EGP 16,999.00 'Low'","Professional,https://2b.com.eg/en/lenovo-ideapad-slim-3-15iru8-laptop-intelr-coretm-i3-1315u-8gb-256gb-ssd-intelr-uhd-graphics-15-6-fhd-grey.html,In stock",Lenovo,Deal
"EGP 20,999.00",MSI Modern 15 F13MG,"13 Gen. Intel® Core™ i5-1335U Processor 12M Cache, up to 4.60 GHz",Intel® Iris Xe Graphics,8 GB,Unspecified,1x M.2 SSD slot (NVMe PCIe Gen4),"15.6"" FHD (1920x1080)",Low,-,https://2b.com.eg/media/catalog/product/cache/661473ab953cdcdf4c3b607144109b90/z/m/zm992-1.jpg,Professional,"EGP 20,999.00 'Low'","Professional,https://2b.com.eg/en/msi-modern-15-f13mg-laptop-intelr-coretm-i5-1335u-8gb-512gb-ssd-intelr-iris-xe-graphics-15-6-fhd-urban-silver.html,In stock",MSI,Deal
"EGP 93,699.00",HP Spectre 14-eu0011ne,"Intel® Core™ Ultra 7 Processor 155H 24M Cache, up to 4.80 GHz",Intel® Arc™ Graphics,16 GB,Unspecified,1 TB PCIe® Gen4 NVMe™ TLC M.2 SSD,"14"" FHD 3K",High/Extreme-High,-,https://2b.com.eg/media/catalog/product/cache/661473ab953cdcdf4c3b607144109b90/z/h/zh507-22_1.png,Professional,"EGP 93,699.00 'High/Extreme-High'","Professional,https://2b.com.eg/en/hp-spectre-x360-14-eu0011ne-laptop-intelr-coretm-ultra-7-155h-16gb-1tb-ssd-intelr-arctm-graphics-14-fhd-3k-win11-dark-black-aluminum.html,In stock Only 3 left",HP,Deal
"EGP 28,999.00",Dell Vostro 15 3530,"13th Gen Intel® Core™ i7-1355U Processor 12M Cache, up to 5.00 GHz",Intel UHD Graphics,8 GB,Unspecified,512GB SSD,"15.6"" FHD",Low,-,https://2b.com.eg/media/catalog/product/cache/661473ab953cdcdf4c3b607144109b90/z/d/zd212-1.jpg,Professional,"EGP 28,999.00 'Low'","Professional,https://2b.com.eg/en/dell-vostro-15-3530-laptop-intelr-coretm-i7-1355u-8gb-512gb-ssd-intelr-uhd-graphics-15-6-fhd-grey.html,In stock",Dell,Deal
"EGP 16,499.00",Dell Vostro 3520,"12th Generation Intel® Core™ i3-1215U Processor 10M Cache, up to 4.40 GHz, with IPU",Intel UHD Graphics,8 GB,Unspecified,"512 GB, M.2 2230, PCIe NVMe Gen3 x4, SSD",15.6 FHD,Low,-,https://2b.com.eg/media/catalog/product/cache/661473ab953cdcdf4c3b607144109b90/z/d/zd147.png,Professional,"EGP 16,499.00 'Low'","Professional,https://2b.com.eg/en/dell-vostro-3520-laptop-intelr-coretm-i3-1215u-8gb-512gb-ssd-intelr-uhd-integrated-graphics-15-6-fhd-black.html,In stock Only 2 left",Dell,Deal
"EGP 14,999.00",Dell Vostro 3520,"12th Generation Intel® Core™ i3-1215U Processor 10M Cache, up to 4.40 GHz, with IPU",Intel UHD Graphics,4 GB,Unspecified,-,15.6 FHD 1920 x 1080,Low,-,https://2b.com.eg/media/catalog/product/cache/661473ab953cdcdf4c3b607144109b90/z/d/zd147_1.png,Professional,"EGP 14,999.00 'Low'","Professional,https://2b.com.eg/en/dell-vostro-3520-laptop-intelr-coretm-i3-1215u-4gb-256gb-ssd-intelr-uhd-integrated-graphics-15-6-fhd-ubuntu-carbon-black.html,In stock",Dell,Deal
"EGP 19,999.00",MSI Modern 14 C12MO,"12 Gen. Intel® Core™ i5-1235U Processor 12M Cache, up to 4.40 GHz, with IPU",Intel® Iris® Xe Graphics,8 GB,Unspecified,-,"14.0"" FHD (1920x1080)",Low,-,https://2b.com.eg/media/catalog/product/cache/661473ab953cdcdf4c3b607144109b90/z/m/zm988-1.png,Professional,"EGP 19,999.00 'Low'","Professional,https://2b.com.eg/en/msi-modern-14-c12mo-laptop-intelr-coretm-i5-1235u-8gb-512gb-ssd-intelr-iris-xe-graphics-14-fhd-urban-silver.html,In stock",MSI,Deal
"EGP 61,999.00",Lenovo Ideapad 5 Pro 16IMH9,"Intel® Core™ Ultra 5 125H, 14C (4P + 8E + 2LPE) / 18T, Max Turbo up to 4.5GHz, 18MB",NVIDIA® GeForce RTX™ 3050 6GB GDDR6,16 GB,Unspecified,512GB SSD M.2 2242 PCIe® 4.0x4 NVMe®,"16"" 2K (2048x1280) OLED",High/Extreme-High,-,https://2b.com.eg/media/catalog/product/cache/661473ab953cdcdf4c3b607144109b90/z/l/zl478-1.png,Professional,"EGP 61,999.00 'High/Extreme-High'","Professional,https://2b.com.eg/en/lenovo-ideapad-5-pro-16imh9-laptop-intelr-coretm-ultra-5-125h-16gb-512gb-ssd-nvidiar-geforce-rtxtm-3050-6gb-16-2k-oled-win11-arctic-grey.html,In stock",Lenovo,Deal
"EGP 34,999.00",HP ProBook 470 G9,"12th Gen Intel® Core™ i7-1255U Processor 12M Cache, up to 4.70 GHz",NVIDIA® GeForce® MX550 2GB,8 GB,Unspecified,512 GB PCIe NVMe M.2 Solid-State Drive,"17.3"" FHD",Low,-,https://2b.com.eg/media/catalog/product/cache/661473ab953cdcdf4c3b607144109b90/z/h/zh315-1-2b_1_1.jpg,Professional,"EGP 34,999.00 'Low'","Professional,https://2b.com.eg/en/hp-probook-470-g9-laptop-intelr-coretm-i7-1255u-8gb-512gb-ssd-nvidiar-geforcer-mx550-2gb-17-3-fhd-silver.html,In stock",HP,Deal
"EGP 26,199.00",HP 15-fd0069ne,"13th Gen Intel® Core™ i5-1334U Processor 12M Cache, up to 4.60 GHz",Intel® Iris® Xe Graphics,16 GB,Unspecified,512 GB PCIe® NVMe™ M.2 SSD,"15.6"" FHD 1920 x 1080",Low,-,https://2b.com.eg/media/catalog/product/cache/661473ab953cdcdf4c3b607144109b90/z/h/zh498-1.jpg,Professional,"EGP 26,199.00 'Low'","Professional,https://2b.com.eg/en/hp-15-fd0069ne-laptop-intelr-coretm-i5-1334u-16gb-512gb-ssd-intelr-irisr-x-graphics-15-6-fhd-win11-natural-silver.html,In stock Only 1 left",HP,Deal
"EGP 79,999.00",ASUS Zenbook 14 UX3407RA-QD010W,Snapdragon® X Elite X1E 78 100,Qualcomm® Adreno™ GPU,32 GB,Unspecified,1TB M.2 NVMe™ PCIe® 4.0 SSD,14.0'' WUXGA OLED,High/Extreme-High,-,https://2b.com.eg/media/catalog/product/cache/661473ab953cdcdf4c3b607144109b90/m/a/mas-1.jpg,Professional,"EGP 79,999.00 'High/Extreme-High'","Professional,https://2b.com.eg/en/asus-zenbook-a14-ux3407ra-qd010w-laptop-snapdragonr-x-elite-x1e-78-100-32gb-1tb-ssd-qualcommr-adrenotm-14-wuxga-oled-win-11-iceland-grey-pre-order.html,In stock Only 4 left",Asus,Deal
"EGP 19,099.00",X1504ZA-NJ005W,"12 Gen. Intel® Core™ i5-1235U Processor 12M Cache, up to 4.40 GHz, with IPU",Intel UHD Graphics,8 GB,Unspecified,512GB M.2 NVMe™ PCIe® 4.0 SSD,15.6'' FHD,Low,-,https://2b.com.eg/media/catalog/product/cache/661473ab953cdcdf4c3b607144109b90/z/u/zu614.png,Professional,"EGP 19,099.00 'Low'","Professional,https://2b.com.eg/en/asus-vivobook-15-x1504za-nj005w-laptop-intelr-coretm-i5-1235u-8gb-512gb-ssd-intelr-uhd-graphics-15-6-fhd-win11-quiet-blue.html,Out Of Stock",Asus,Deal
"EGP 34,499.00",HP 15-fd0371nia,"13th Gen Intel® Core™ i7-1355U Processor 12M Cache, up to 5.00 GHz",NVIDIA® GeForce® MX570 2GB GDDR6,8 GB,Unspecified,512 GB PCIe® NVMe™ M.2 SSD,"(15.6"") FHD (1920 x 1080)",Low,-,https://2b.com.eg/media/catalog/product/cache/661473ab953cdcdf4c3b607144109b90/z/h/zh459-1_1_1.png,Professional,"EGP 34,499.00 'Low'","Professional,https://2b.com.eg/en/hp-15-fd0371nia-laptop-intelr-core-i7-1355u-8gb-512gb-ssd-nvidiar-geforcer-mx570-2gb-15-6-fhd-silver.html,In stock",HP,Deal
"EGP 20,999.00",ASUS Vivobook Go 15 E1504FA-NJ005W,"AMD Ryzen™R5-7520U Mobile Processor 2.8GHz (4-core/8-thread, 4MB cache, up to 4.3 GHz max boost)",AMD Radeon Graphics,8 GB,Unspecified,512GB M.2 NVMe™ PCIe® 3.0 SSD,15.6'' FHD,Low,-,https://2b.com.eg/media/catalog/product/cache/661473ab953cdcdf4c3b607144109b90/z/u/zu320.png,Professional,"EGP 20,999.00 'Low'","Professional,https://2b.com.eg/en/asus-vivobook-go-15-e1504fa-nj005w-laptop-amd-ryzentm-r5-7520u-8gb-512gb-ssd-amd-radeontm-graphics-15-6-fhd-win11-cool-silver.html,In stock",Asus,Deal
"EGP 33,999.00",HP Pavilion Laptop 15-eh3001ne,"AMD Ryzen™ 7 7730U (up to 4.5 GHz max boost clock, 16 MB L3 cache, 8 cores, 16 threads)",AMD Radeon™ Integrated Graphics,16 GB,Unspecified,512 GB SSD,"15.6"" FHD",Low,-,https://2b.com.eg/media/catalog/product/cache/661473ab953cdcdf4c3b607144109b90/z/h/zh439-1_1.png,Professional,"EGP 33,999.00 'Low'","Professional,https://2b.com.eg/en/hp-pavalion-15-eh3001ne-amd-ryzentm-7-7730u-16gb-512gb-ssd-amd-radeontm-integrated-graphics-15-6-fhd-win11-blue.html,In stock",HP,Deal
"EGP 28,099.00",HP 15-fc0034ne,"AMD Ryzen™ 7 7730U (up to 4.5 GHz max boost clock, 16 MB L3 cache, 8 cores, 16 threads)",AMD Radeon Graphics,16 GB,Unspecified,512 GB PCIe® NVMe™ M.2 SSD,"15.6"" FHD 1920 x 1080",Low,-,https://2b.com.eg/media/catalog/product/cache/661473ab953cdcdf4c3b607144109b90/z/h/zh468.png,Professional,"EGP 28,099.00 'Low'","Professional,https://2b.com.eg/en/hp-15-fc0034ne-laptop-amd-ryzentm-7-7730u-16gb-512gb-ssd-amd-radeontm-graphics-15-6-fhd-win11-natural-silver.html,In stock Only 3 left",HP,Deal
"EGP 26,999.00",Dell Vostro 3520,"12th Gen Intel® Core™ i7-1255U Processor 12M Cache, up to 4.70 GHz",Intel® UHD Integrated Graphics,8 GB,Unspecified,512GB SSD,"15.6"" FHD",Low,-,https://2b.com.eg/media/catalog/product/cache/661473ab953cdcdf4c3b607144109b90/z/d/zd267_1.png,Professional,"EGP 26,999.00 'Low'","Professional,https://2b.com.eg/en/dell-vostro-3520-laptop-intelr-coretm-i7-1255u-8gb-512gb-ssd-intelr-uhd-integrated-graphics-15-6-fhd-ubuntu-black.html,In stock",Dell,Deal
"EGP 27,999.00",MSI Modern 15 H B13M,"13 Gen. Intel® Core™ i7-13620H Processor 24M Cache, up to 4.90 GHz",Intel® Iris Xe Graphics,8 GB,Unspecified,-,"15.6"" FHD",Low,-,https://2b.com.eg/media/catalog/product/cache/661473ab953cdcdf4c3b607144109b90/z/m/zm987.png,Professional,"EGP 27,999.00 'Low'","Professional,https://2b.com.eg/en/msi-modern-15-h-b13m-laptop-intelr-coretm-i7-13620h-8gb-512gb-ssd-intelr-iris-xe-graphics-15-6-fhd-classic-black.html,In stock",MSI,Deal
"EGP 61,499.00",ASUS Vivobook S14 S5406SA-PP017W,"Intel® Core™ Ultra 7 Processor 256V 12M Cache, up to 4.80 GHz",Intel® Arc™ Graphics,16 GB,Unspecified,1TB M.2 NVMe PCIe 4.0 SSD,"14"" OLED",High/Extreme-High,-,https://2b.com.eg/media/catalog/product/cache/661473ab953cdcdf4c3b607144109b90/z/u/zu403-1.jpg,Professional,"EGP 61,499.00 'High/Extreme-High'","Professional,https://2b.com.eg/en/asus-vivobook-s14-s5406sa-pp017w-laptop-intelr-coretm-ultra-7-256v-16gb-1tb-ssd-intelr-arctm-graphics-14-oled-win11-mist-blue.html,In stock Only 1 left",Asus,Deal
"EGP 24,299.00",Lenovo IdeaPad Slim 3 15IRH8,"Intel® Core™ i5-13420H, 8C (4P + 4E) / 12T, P-core 2.1 / 4.6GHz, E-core 1.5 / 3.4GHz, 12MB",Intel® UHD Integrated Graphics,8 GB,Unspecified,512GB SSD M.2 2242 PCIe® 4.0x4 NVMe®,"15.6"" FHD (1920x1080)",Low,-,https://2b.com.eg/media/catalog/product/cache/661473ab953cdcdf4c3b607144109b90/z/l/zl435.png,Professional,"EGP 24,299.00 'Low'","Professional,https://2b.com.eg/en/lenovo-ideapad-slim-3-15iah8-intelr-coretm-i5-12450h-8gb-512gb-ssd-intelr-uhd-graphics-15-6-fhd-win-11-arctic-grey-1.html,Out Of Stock",Lenovo,Deal
"EGP 39,999.00",Lenovo Ideapad 5 Slim 16IMH9,"Intel® Core™ Ultra 5 125H, 14C (4P + 8E + 2LPE) / 18T, Max Turbo up to 4.5GHz, 18MB",Intel® Arc™ Graphics,16 GB,Unspecified,512GB SSD M.2 2242 PCIe® 4.0x4 NVMe®,"16"" WUXGA (1920x1200)",Medium,-,https://2b.com.eg/media/catalog/product/cache/661473ab953cdcdf4c3b607144109b90/z/l/zl468.jpg,Professional,"EGP 39,999.00 'Medium'","Professional,https://2b.com.eg/en/lenovo-ideapad-5-slim-16imh9-laptop-intelr-coretm-ultra-5-125h-16gb-512gb-ssd-intelr-arctm-graphics-16-wuxga-win11-grey.html,In stock",Lenovo,Deal
"EGP 30,699.00",HP 15-fd0022ne,"13th Gen Intel® Core™ i7-1355U Processor 12M Cache, up to 5.00 GHz",Intel® Iris® Xe Graphics,8 GB,Unspecified,512 GB PCIe® NVMe™ M.2 SSD,"(15.6"") FHD (1920 x 1080)",Low,-,https://2b.com.eg/media/catalog/product/cache/661473ab953cdcdf4c3b607144109b90/z/h/zh459-1.png,Professional,"EGP 30,699.00 'Low'","Professional,https://2b.com.eg/en/hp-15-fd0022ne-laptop-intelr-coretm-i7-1355u-8gb-512gb-ssd-intelr-iris-xe-graphics-15-6-fhd-silver.html,In stock Only 2 left",HP,Deal
"EGP 29,499.00",ASUS Vivobook 15 X1502ZA-BQ007W,"Intel® Core™ i7-12700H Processor 24M Cache, up to 4.70 GHz",Intel UHD Graphics,8 GB,Unspecified,512GB SSD,15.6 FHD,Low,-,https://2b.com.eg/media/catalog/product/cache/661473ab953cdcdf4c3b607144109b90/z/u/zu449.png,Professional,"EGP 29,499.00 'Low'","Professional,https://2b.com.eg/en/asus-vivobook-15-x1502za-bq007w-laptop-intelr-coretm-i7-12700h-8gb-512gb-ssd-intelr-uhd-graphics-15-6-fhd-win11-quiet-blue.html,In stock",Asus,Deal
"EGP 12,499.00",ASUS Vivobook Go 15 E1504FA-NJ001,AMD Ryzen™ 3 7320U,AMD Radeon™ Graphics,4 GB,Unspecified,256GB M.2 NVMe™ PCIe® 3.0 SSD,15.6'' FHD,Low,-,https://2b.com.eg/media/catalog/product/cache/661473ab953cdcdf4c3b607144109b90/z/u/zu437-1.jpg,Professional,"EGP 12,499.00 'Low'","Professional,https://2b.com.eg/en/asus-vivobook-go-15-e1504fa-nj001-laptop-amd-ryzen-r3-7320u-4gb-256gb-ssd-amd-radeontm-graphics-15-6-fhd-gray.html,In stock",Asus,Deal
"EGP 30,499.00",HP 15-FD0346NIA,"13th Gen Intel® Core™ i7-1355U Processor 12M Cache, up to 5.00 GHz",Intel® Iris® Xe Graphics,8 GB,Unspecified,512 GB PCIe® NVMe™ M.2 SSD,"(15.6"") FHD (1920 x 1080)",Low,-,https://2b.com.eg/media/catalog/product/cache/661473ab953cdcdf4c3b607144109b90/z/h/zh459-1_1.png,Professional,"EGP 30,499.00 'Low'","Professional,https://2b.com.eg/en/hp-15-fd0346nia-laptop-intelr-core-i7-1355u-8gb-512gb-ssd-intelr-iris-xe-graphics-15-6-fhd-silver.html,In stock Only 1 left",HP,Deal
"EGP 30,499.00",Lenovo IdeaPad Slim 3 15IRH8,"13th Gen Intel® Core™ i7-13620H, 10C (6P + 4E) / 16T, P-core 2.4 / 4.9GHz, E-core 1.8 / 3.6GHz, 24MB",Intel® UHD Integrated Graphics,16 GB,Unspecified,512GB SSD M.2 2242 PCIe® 4.0x4 NVMe®,"15.6"" FHD (1920x1080)",Low,-,https://2b.com.eg/media/catalog/product/cache/661473ab953cdcdf4c3b607144109b90/z/l/zl552.jpg,Professional,"EGP 30,499.00 'Low'","Professional,https://2b.com.eg/en/lenovo-ideapad-slim-3-15irh8-laptop-intelr-coretm-i7-13620h-16gb-512gb-ssd-intelr-uhd-integrated-graphics-15-6-fhd-arctic-grey.html,In stock",Lenovo,Deal
"EGP 52,999.00",ASUS Vivobook 16X K3605VV-N1116W,"13th Gen Intel® Core™ i7-13700H Processor 24M Cache, up to 5.00 GHz",NVIDIA® GeForce RTX™ 4060 8GB,16 GB,Unspecified,512GB M.2 NVMe™ PCIe® 4.0 SSD,16.0'' FHD,High/Extreme-High,-,https://2b.com.eg/media/catalog/product/cache/661473ab953cdcdf4c3b607144109b90/z/u/zu436-1.jpg,Professional,"EGP 52,999.00 'High/Extreme-High'","Professional,https://2b.com.eg/en/asus-vivobook-16x-k3605vv-n1116w-laptop-intelr-coretm-i7-13700h-16gb-512gb-ssd-nvidiar-geforce-rtxtm-4060-8gb-16-0-wuxga-win11-black.html,In stock",Asus,Deal
"EGP 26,999.00",ASUS Vivobook 15 X1504VA-NJ1007,"13 Gen. Intel® Core™ i7-1355U Processor 12M Cache, up to 5.00 GHz",Intel® Iris™ Xe Graphics,16 GB,Unspecified,512GB M.2 NVMe™ PCIe® 3.0 SSD,15.6'' FHD,Low,-,https://2b.com.eg/media/catalog/product/cache/661473ab953cdcdf4c3b607144109b90/z/u/zu472_1.png,Professional,"EGP 26,999.00 'Low'","Professional,https://2b.com.eg/en/asus-vivobook-15-x1504va-nj1007-laptop-intelr-coretm-i7-1355u-16gb-512gb-ssd-intelr-iris-xe-graphics-15-6-fhd-quiet-blue.html,In stock Only 3 left",Asus,Deal
"EGP 28,499.00",HP 15-fc00036ne,AMD Ryzen™ R7-7730U,AMD Radeon™ Integrated Graphics,16 GB,Unspecified,512GB SSD,"15.6"" FHD",Low,-,https://2b.com.eg/media/catalog/product/cache/661473ab953cdcdf4c3b607144109b90/z/h/zh474-1.png,Professional,"EGP 28,499.00 'Low'","Professional,https://2b.com.eg/en/hp-15-fc00036ne-laptop-amd-ryzentm-r7-7730u-16gb-512gb-ssd-amd-radeontm-integrated-graphics-14-fhd-win11-black.html,In stock",HP,Deal
"EGP 31,899.00",HP 15s-fq5042ne,"12th Gen Intel® Core™ i7-1255U (up to 4.7 GHz with Intel® Turbo Boost Technology, 12 MB L3 cache, 10 cores, 12 threads)",Intel® Iris® Xᵉ Graphics,16 GB,Unspecified,512 GB PCIe® NVMe™ M.2 SSD,"15.6""FHD 1920 x 1080",Low,-,https://2b.com.eg/media/catalog/product/cache/661473ab953cdcdf4c3b607144109b90/z/h/zh387-1-2b.jpg,Professional,"EGP 31,899.00 'Low'","Professional,https://2b.com.eg/en/hp-15s-fq5042ne-laptop-intelr-coretm-i7-1255u-16gb-512gb-ssd-intelr-irisr-x-graphics-15-6-fhd-win11-natural-silver.html,In stock",HP,Deal
"EGP 19,499.00",Lenovo Ideapad 1 15AMN7,"AMD Ryzen™ 5 7520U (4C / 8T, 2.8 / 4.3GHz, 2MB L2 / 4MB L3)",Integrated AMD Radeon™ 610M Graphics,8 GB,Unspecified,512GB SSD M.2 2242 PCIe® 4.0x4 NVMe®,"15.6"" FHD (1920x1080)",Low,-,https://2b.com.eg/media/catalog/product/cache/661473ab953cdcdf4c3b607144109b90/z/l/zl442.jpg,Professional,"EGP 19,499.00 'Low'","Professional,https://2b.com.eg/en/lenovo-ideapad-1-15amn7-laptop-amd-ryzentm-5-7520u-8gb-512gb-ssd-integrated-amd-radeontm-610m-graphics-15-6-fhd-win11-cloud-grey.html,In stock",Lenovo,Deal
"EGP 25,999.00",ASUS Vivobook 15 X1504VA-NJ017W,"13 Gen. Intel® Core™ i7-1355U Processor 12M Cache, up to 5.00 GHz",Intel® Iris™ Xe Graphics,8 GB,Unspecified,512GB M.2 NVMe™ PCIe® 3.0 SSD,15.6'' FHD,Low,-,https://2b.com.eg/media/catalog/product/cache/661473ab953cdcdf4c3b607144109b90/z/u/zu472.png,Professional,"EGP 25,999.00 'Low'","Professional,https://2b.com.eg/en/asus-vivobook-15-x1504va-nj017w-laptop-intelr-coretm-i7-1355u-8gb-512gb-ssd-intelr-iris-xe-graphics-15-6-fhd-win11-quiet-blue.html,In stock",Asus,Deal
"EGP 22,999.00",Lenovo Ideapad 3 Slim 15ABR8,"AMD Ryzen™ 7 7730U (8C / 16T, 2.0 / 4.5GHz, 4MB L2 / 16MB L3)",Integrated AMD Radeon™ Graphics,8 GB,Unspecified,512GB SSD M.2 2242 PCIe® 4.0x4 NVMe®,"15.6"" FHD (1920x1080)",Low,-,https://2b.com.eg/media/catalog/product/cache/661473ab953cdcdf4c3b607144109b90/z/l/zl477.jpg,Professional,"EGP 22,999.00 'Low'","Professional,https://2b.com.eg/en/lenovo-ideapad-3-slim-15abr8-laptop-amd-ryzentm-7-7730u-8gb-512gb-ssd-integrated-amd-radeontm-graphics-15-6-fhd-win11-arctic-grey.html,In stock",Lenovo,Deal
"EGP 8,999.00",ASUS X515MA-BR001,"Intel® Celeron® N4020 Processor 1.1 GHz (4M Cache, up to 2.8 GHz, 2 cores)",Intel® UHD Graphics,4 GB,Unspecified,256GB M.2 NVMe™ PCIe® 3.0 SSD,15.6-inch HD (1366 x 768),Low,-,https://2b.com.eg/media/catalog/product/cache/661473ab953cdcdf4c3b607144109b90/z/u/zu580-1.jpg,Student,"EGP 8,999.00 'Low'","Student,https://2b.com.eg/en/asus-x515ma-br001-laptop-intelr-celeronr-n4020-4gb-256gb-ssd-intelr-uhd-graphics-15-6-hd-slate-grey.html,In stock",Asus,Deal
"EGP 14,999.00",Acer Aspire 3 A315-59-31LZ Slim,"12th Gen Intel® Core™ i3-1215U Processor 10M Cache, up to 4.40 GHz, with IPU",Intel UHD Graphics,8 GB,Unspecified,512GB SSD,15.6 FHD (1920 x 1080),Low,-,https://2b.com.eg/media/catalog/product/cache/661473ab953cdcdf4c3b607144109b90/z/c/zc562-1.jpg,Student,"EGP 14,999.00 'Low'","Student,https://2b.com.eg/en/acer-aspire-3-a315-59-31lz-slim-laptop-intelr-coretm-i3-1215u-8gb-512gb-ssd-intelr-uhd-graphics-15-6-fhd-silver.html,In stock",Acer,Deal
"EGP 13,199.00",E1504GA-NJ606W,"Intel® Core™ i3-N305 Processor 6M Cache, up to 3.80 GHz",Intel UHD Graphics,4 GB,Unspecified,256G SSD,15.6'' FHD,Low,-,https://2b.com.eg/media/catalog/product/cache/661473ab953cdcdf4c3b607144109b90/z/u/zu439-1.jpg,Student,"EGP 13,199.00 'Low'","Student,https://2b.com.eg/en/asus-vivobook-go-15-e1504ga-nj606w-laptop-intelr-coretm-i3-n305-4gb-256gb-ssd-intelr-uhd-graphics-15-6-fhd-win11-black.html,In stock",Asus,Deal
"EGP 18,999.00",Acer Aspire 3 A315-59-58XR Slim,"12th Gen Intel® Core™ i5-1235U Processor 12M Cache, up to 4.40 GHz, with IPU",Intel UHD Graphics,8 GB,Unspecified,512GB PCIe SSD,15.6 FHD (1920 x 1080),Low,-,https://2b.com.eg/media/catalog/product/cache/661473ab953cdcdf4c3b607144109b90/z/c/zc563.jpg,Student,"EGP 18,999.00 'Low'","Student,https://2b.com.eg/en/acer-aspire-3-a315-59-58xr-slim-laptop-intelr-coretm-i5-1235u-8gb-512gb-ssd-intelr-iris-xe-graphics-15-6-fhd-silver.html,In stock",Acer,Deal
"EGP 11,499.00",Lenovo Ideapad 1 15IGL7,"Intel® Celeron® N4020 (2C / 2T, 1.1 / 2.8GHz, 4MB)",Intel® UHD Integrated Graphics,8 GB,Unspecified,256GB SSD M.2 2242 PCIe® 4.0x4 NVMe®,"15.6"" FHD (1366x768)",Low,-,https://2b.com.eg/media/catalog/product/cache/661473ab953cdcdf4c3b607144109b90/z/l/zl459_1.png,Student,"EGP 11,499.00 'Low'","Student,https://2b.com.eg/en/lenovo-ideapad-1-15igl7-laptop-intelr-celeronr-n4020-8gb-256gb-ssd-intelr-uhd-integrated-graphics-15-6-fhd-abyss-blue.html,In stock",Lenovo,Deal
"EGP 17,199.00",Lenovo Ideapad 1 15IAU7,"Intel® Core™ i3-1215U, 6C (2P + 4E) / 8T, P-core 1.2 / 4.4GHz, E-core 0.9 / 3.3GHz, 10MB",Intel UHD Graphics,8 GB,Unspecified,256GB SSD M.2 2242 PCIe® 4.0x4 NVMe®,"15.6"" HD (1366x768)",Low,-,https://2b.com.eg/media/catalog/product/cache/661473ab953cdcdf4c3b607144109b90/z/l/zl434-1_1.png,Student,"EGP 17,199.00 'Low'","Student,https://2b.com.eg/en/lenovo-ideapad-1-15iau7-laptop-intelr-coretm-i3-1215u-8gb-256gb-ssd-intelr-uhd-graphics-15-6-hd-abyss-blue.html,In stock Only 1 left",Lenovo,Deal
"EGP 11,199.00",Lenovo Ideapad 1 15IGL7,"Intel® Celeron® N4020 (2C / 2T, 1.1 / 2.8GHz, 4MB)",Intel® UHD Integrated Graphics,8 GB,Unspecified,256GB SSD M.2 2242 PCIe® 4.0x4 NVMe®,"15.6"" HD (1366x768)",Low,-,https://2b.com.eg/media/catalog/product/cache/661473ab953cdcdf4c3b607144109b90/z/l/zl459.png,Student,"EGP 11,199.00 'Low'","Student,https://2b.com.eg/en/lenovo-ideapad-1-15iau7-laptop-intelr-coretm-i3-1215u-8gb-256gb-ssd-intelr-uhd-integrated-graphics-15-6-hd-win11-abyss-blue-1.html,Out Of Stock",Lenovo,Deal
"EGP 17,999.00",Lenovo Ideapad 1 15IAU7,"Intel® Core™ i3-1215U, 6C (2P + 4E) / 8T, P-core 1.2 / 4.4GHz, E-core 0.9 / 3.3GHz, 10MB",Intel UHD Graphics,8 GB,Unspecified,256GB SSD M.2 2242 PCIe® 4.0x4 NVMe®,"15.6"" HD (1366x768)",Low,-,https://2b.com.eg/media/catalog/product/cache/661473ab953cdcdf4c3b607144109b90/z/l/zl434-1_1_1.png,Student,"EGP 17,999.00 'Low'","Student,https://2b.com.eg/en/lenovo-ideapad-1-15iau7-laptop-intelr-coretm-i3-1215u-8gb-256gb-ssd-intelr-uhd-graphics-15-6-hd-win11-abyss-blue.html,In stock",Lenovo,Deal
"EGP 23,699.00",Lenovo IdeaPad Slim 3 15AMN8,"AMD Ryzen™ 5 7520U (4C / 8T, 2.8 / 4.3GHz, 2MB L2 / 4MB L3)",AMD Radeon™ Graphics,8 GB,Unspecified,512GB SSD M.2 2242 PCIe® 4.0x4 NVMe®,"15.6"" FHD (1920x1080)",Low,-,https://2b.com.eg/media/catalog/product/cache/661473ab953cdcdf4c3b607144109b90/z/l/zl379.png,Student,"EGP 23,699.00 'Low'","Student,https://2b.com.eg/en/lenovo-ideapad-slim-3-15amn8-amd-ryzentm-5-7520u-8gb-512gb-ssd-amd-radeontm-graphics-15-6-fhd-win11-arctic-grey.html,In stock Only 5 left",Lenovo,Deal
