Price,Model,CPU,Graphics,RAM,HDD,SSD,Display,Notes,Brand,Best_For,Image_Url,Deal_Stat,Deal_Link,Budget,Final_Budget,Rate_From_10,Type
"EGP 32,899.00",Lenovo LOQ 15IAX9,"Intel® Core™ i5-12450HX, 8C (4P + 4E) / 12T, P-core up to 4.4GHz, E-core up to 3.1GHz, 12MB",NVIDIA® GeForce RTX™ 2050 4GB GDDR6,8 GB,Unspecified,512GB SSD M.2 2242 PCIe® 4.0x4 NVMe®,"15.6"" FHD (1920x1080)","Gaming,https://2b.com.eg/en/lenovo-loq-15iax9-laptop-intelr-coretm-i5-12450hx-8gb-512gb-ssd-nvidiar-geforce-rtxtm-2050-4gb-15-6-fhd-luna-grey.html,In stock",Lenovo,Gaming,https://2b.com.eg/media/catalog/product/cache/661473ab953cdcdf4c3b607144109b90/z/l/zl425.png,In stock,https://2b.com.eg/en/lenovo-loq-15iax9-laptop-intelr-coretm-i5-12450hx-8gb-512gb-ssd-nvidiar-geforce-rtxtm-2050-4gb-15-6-fhd-luna-grey.html,Low,"EGP 32,899.00 'Low'",-,Deal
"EGP 62,199.00",Lenovo LOQ 15IRX9,"Intel® Core™ i7-14700HX, 20C (8P + 12E) / 28T, P-core 2.1 / 5.5GHz, E-core 1.5 / 3.9GHz, 33MB",NVIDIA® GeForce RTX™ 4060 8GB GDDR6,16 GB,Unspecified,1TB SSD M.2 2242 PCIe® 4.0x4 NVMe®,"15.6"" FHD (1920x1080)","Gaming,https://2b.com.eg/en/lenovo-loq-15irx9-laptop-intelr-coretm-i7-14700hx-16gb-1tb-ssd-nvidiar-geforcetm-rtx-4060-8gb-15-6-fhd-luna-grey.html,In stock",Lenovo,Gaming,https://2b.com.eg/media/catalog/product/cache/661473ab953cdcdf4c3b607144109b90/z/l/zl457-1_1_1.png,In stock,https://2b.com.eg/en/lenovo-loq-15irx9-laptop-intelr-coretm-i7-14700hx-16gb-1tb-ssd-nvidiar-geforcetm-rtx-4060-8gb-15-6-fhd-luna-grey.html,High/Extreme-High,"EGP 62,199.00 'High/Extreme-High'",-,Deal
"EGP 35,199.00",Lenovo LOQ 15IAX9,"Intel® Core™ i5-12450HX, 8C (4P + 4E) / 12T, P-core up to 4.4GHz, E-core up to 3.1GHz, 12MB",NVIDIA® GeForce RTX™ 3050 6GB GDDR6,8 GB,Unspecified,512GB SSD M.2 2242 PCIe® 4.0x4 NVMe®,"15.6"" FHD (1920x1080)","Gaming,https://2b.com.eg/en/lenovo-loq-15iax9-laptop-intelr-coretm-i5-12450hx-8gb-512gb-ssd-nvidiar-geforce-rtxtm-3050-6gb-15-6-fhd-luna-grey.html,In stock",Lenovo,Gaming,https://2b.com.eg/media/catalog/product/cache/661473ab953cdcdf4c3b607144109b90/z/l/zl425_1.png,In stock,https://2b.com.eg/en/lenovo-loq-15iax9-laptop-intelr-coretm-i5-12450hx-8gb-512gb-ssd-nvidiar-geforce-rtxtm-3050-6gb-15-6-fhd-luna-grey.html,Low,"EGP 35,199.00 'Low'",-,Deal
"EGP 46,999.00",Lenovo LOQ 15IRX9,"Intel® Core™ i7-13650HX, 14C (6P + 8E) / 20T, P-core 2.6 / 4.9GHz, E-core 1.9 / 3.6GHz, 24MB",NVIDIA® GeForce RTX™ 3050 6GB GDDR6,16 GB,Unspecified,512GB SSD M.2 2242 PCIe® 4.0x4 NVMe,"15.6"" FHD (1920x1080)","Gaming,https://2b.com.eg/en/lenovo-loq-15irx9-laptop-intelr-coretm-i7-13650hx-16gb-512gb-ssd-nvidiar-geforce-rtxtm-3050-6gb-15-6-fhd-luna-grey.html,In stock",Lenovo,Gaming,https://2b.com.eg/media/catalog/product/cache/661473ab953cdcdf4c3b607144109b90/z/l/zl457-1.png,In stock,https://2b.com.eg/en/lenovo-loq-15irx9-laptop-intelr-coretm-i7-13650hx-16gb-512gb-ssd-nvidiar-geforce-rtxtm-3050-6gb-15-6-fhd-luna-grey.html,Medium,"EGP 46,999.00 'Medium'",-,Deal
"EGP 179,999.00",GU605MY-QR061W,"Intel® Core™ Ultra 9 Processor 185H 2.3 GHz (24MB Cache, up to 5.1 GHz, 16 cores, 22 Threads); Intel® AI Boost NPU",NVIDIA® GeForce RTX™ 4090 16GB,32 GB,Unspecified,2TB PCIe® 4.0 NVMe™ M.2 Performance SSD,16.0'' 2.5K,"Gaming,https://2b.com.eg/en/asus-rog-zephyrus-g16-gu605my-qr061w-laptop-intelr-ultra-9-185h-32gb-2tb-ssd-nvidiar-geforce-rtx-4090-16gb-16-2-5k-wqxga-win11-gray.html,In stock Only 1 left",Asus,Gaming,https://2b.com.eg/media/catalog/product/cache/661473ab953cdcdf4c3b607144109b90/z/u/zu318_1.png,In stock Only 1 left,https://2b.com.eg/en/asus-rog-zephyrus-g16-gu605my-qr061w-laptop-intelr-ultra-9-185h-32gb-2tb-ssd-nvidiar-geforce-rtx-4090-16gb-16-2-5k-wqxga-win11-gray.html,High/Extreme-High,"EGP 179,999.00 'High/Extreme-High'",-,Deal
"EGP 44,999.00",Acer Nitro V15 ANV15-51-755S,"13th Gen Intel® Core™ i7-13620H Processor 24M Cache, up to 4.90 GHz",NVIDIA® GeForce RTX™ 4050 6GB GDDR6,16 GB,Unspecified,512GB M.2 NVMe™ PCIe® 4.0 SSD,15.6 FHD 1920 x 1080,"Gaming,https://2b.com.eg/en/acer-nitro-v15-anv15-51-755s-laptop-intelr-coretm-i7-13620h-16gb-512gb-ssd-nvidiar-geforcer-rtx-4050-6gb-15-6-fhd-black.html,In stock",Acer,Gaming,https://2b.com.eg/media/catalog/product/cache/661473ab953cdcdf4c3b607144109b90/z/c/zc564-1.jpg,In stock,https://2b.com.eg/en/acer-nitro-v15-anv15-51-755s-laptop-intelr-coretm-i7-13620h-16gb-512gb-ssd-nvidiar-geforcer-rtx-4050-6gb-15-6-fhd-black.html,Medium,"EGP 44,999.00 'Medium'",-,Deal
"EGP 60,599.00",Lenovo LOQ 15IRX9,"Intel® Core™ i7-13650HX, 14C (6P + 8E) / 20T, P-core 2.6 / 4.9GHz, E-core 1.9 / 3.6GHz, 24MB",NVIDIA® GeForce RTX™ 4060 8GB GDDR6,16 GB,Unspecified,512GB SSD M.2 2242 PCIe® 4.0x4 NVMe,"15.6"" FHD (1920x1080)","Gaming,https://2b.com.eg/en/lenovo-loq-15irx9-laptop-intelr-coretm-i7-13650hx-16gb-512gb-ssd-nvidiar-geforce-rtx-4060-8gb-15-6-fhd-luna-grey.html,In stock Only 4 left",Lenovo,Gaming,https://2b.com.eg/media/catalog/product/cache/661473ab953cdcdf4c3b607144109b90/z/l/zl494.jpg,In stock Only 4 left,https://2b.com.eg/en/lenovo-loq-15irx9-laptop-intelr-coretm-i7-13650hx-16gb-512gb-ssd-nvidiar-geforce-rtx-4060-8gb-15-6-fhd-luna-grey.html,High/Extreme-High,"EGP 60,599.00 'High/Extreme-High'",-,Deal
"EGP 44,999.00",MSI Thin 15 B13VE,"13 Gen Intel® Core™ i7-13620H Processor 24M Cache, up to 4.90 GHz",NVIDIA® GeForce RTX™ 4050 Laptop GPU 6GB GDDR6,16 GB,Unspecified,512GB NVMe PCIe SSD,"15.6"" FHD (1920x1080)","Gaming,https://2b.com.eg/en/msi-thin-15-b13ve-laptop-intelr-coretm-i7-13620h-16gb-512gb-ssd-nvidiar-geforce-rtxtm-4050-6gb-15-6-fhd-gray.html,In stock",MSI,Gaming,https://2b.com.eg/media/catalog/product/cache/661473ab953cdcdf4c3b607144109b90/z/m/zm990_1.jpg,In stock,https://2b.com.eg/en/msi-thin-15-b13ve-laptop-intelr-coretm-i7-13620h-16gb-512gb-ssd-nvidiar-geforce-rtxtm-4050-6gb-15-6-fhd-gray.html,Medium,"EGP 44,999.00 'Medium'",-,Deal
"EGP 27,999.00",MSI Thin 15 B12UCX,"12 Gen Intel® Core™ i5-12450H Processor 12M Cache, up to 4.40 GHz",NVIDIA® GeForce RTX™ 2050 Laptop GPU 4GB GDDR6,8 GB,Unspecified,512GB NVMe PCIe SSD,"15.6"" FHD (1920x1080)","Gaming,https://2b.com.eg/en/msi-thin-15-b12ucx-laptop-intelr-coretm-i5-12450h-8gb-512gb-ssd-nvidiar-geforce-rtx-2050-4gb-15-6-fhd-gray.html,In stock",MSI,Gaming,https://2b.com.eg/media/catalog/product/cache/661473ab953cdcdf4c3b607144109b90/z/m/zm991-1.jpg,In stock,https://2b.com.eg/en/msi-thin-15-b12ucx-laptop-intelr-coretm-i5-12450h-8gb-512gb-ssd-nvidiar-geforce-rtx-2050-4gb-15-6-fhd-gray.html,Low,"EGP 27,999.00 'Low'",-,Deal
"EGP 81,099.00",Lenovo Legion 5 Pro 16IRX9,"14th Generation Intel® Core™ i7-14650HX, 16C (8P + 8E) / 24T, P-core 2.2 / 5.2GHz, E-core 1.6 / 3.7GHz, 30MB",NVIDIA® GeForce RTX™ 4060 8GB GDDR6,16 GB,Unspecified,1TB SSD M.2 2280 PCIe® 4.0x4 NVMe®,"16"" WQXGA (2560x1600)","Gaming,https://2b.com.eg/en/lenovo-legion-5-pro-16irx9-laptop-intelr-coretm-i7-14650hx-16gb-1tbssd-nvidiar-geforcer-rtx-4060-8gb-16-wuxga-grey.html,In stock",Lenovo,Gaming,https://2b.com.eg/media/catalog/product/cache/661473ab953cdcdf4c3b607144109b90/z/l/zl469-1.jpg,In stock,https://2b.com.eg/en/lenovo-legion-5-pro-16irx9-laptop-intelr-coretm-i7-14650hx-16gb-1tbssd-nvidiar-geforcer-rtx-4060-8gb-16-wuxga-grey.html,High/Extreme-High,"EGP 81,099.00 'High/Extreme-High'",-,Deal
"EGP 47,999.00",ASUS TUF Gaming A15 FA507NUR-LP007W,AMD Ryzen™ 7-7435HS,NVIDIA® GeForce RTX™ 4050 6GB,16 GB,Unspecified,-,"15.6"" FHD (1920x1080)","Gaming,https://2b.com.eg/en/asus-tuf-gaming-a15-fa507nur-lp007w-laptop-amd-ryzen-7-7435hs-16gb-512gb-ssd-nvidiar-geforcer-rtx-4050-6gb-15-6-fhd-win11-off-grey.html,In stock",Asus,Gaming,https://2b.com.eg/media/catalog/product/cache/661473ab953cdcdf4c3b607144109b90/z/u/zu435_1_2.png,In stock,https://2b.com.eg/en/asus-tuf-gaming-a15-fa507nur-lp007w-laptop-amd-ryzen-7-7435hs-16gb-512gb-ssd-nvidiar-geforcer-rtx-4050-6gb-15-6-fhd-win11-off-grey.html,Medium,"EGP 47,999.00 'Medium'",-,Deal
"EGP 31,499.00",Asus TUF Gaming A15 FA506NFR-HN007W,AMD Ryzen™ 7 7435HS,NVIDIA® GeForce® RTX™ 2050 4GB,8 GB,Unspecified,-,15.6'' FHD,"Gaming,https://2b.com.eg/en/asus-tuf-gaming-a15-fa506nfr-hn007w-laptop-amd-ryzentm-7-7435hs-8gb-512gb-ssd-nvidiar-geforcer-rtxtm-2050-4gb-15-6-fhd-win11-graphite-black.html,In stock",Asus,Gaming,https://2b.com.eg/media/catalog/product/cache/661473ab953cdcdf4c3b607144109b90/z/u/zu352.png,In stock,https://2b.com.eg/en/asus-tuf-gaming-a15-fa506nfr-hn007w-laptop-amd-ryzentm-7-7435hs-8gb-512gb-ssd-nvidiar-geforcer-rtxtm-2050-4gb-15-6-fhd-win11-graphite-black.html,Low,"EGP 31,499.00 'Low'",-,Deal
"EGP 56,499.00",ASUS TUF Gaming F15 FX507VV-LP156W,"13th Intel® Core™ i7-13620H Processor 24M Cache, up to 4.90 GHz",NVIDIA® GeForce® RTX 4060 8GB GDDR6,16 GB,Unspecified,1TB PCIe® 4.0 NVMe™ M.2 SSD,"15.6"" FHD","Gaming,https://2b.com.eg/en/asus-tuf-gaming-f15-fx507vv-lp156w-laptop-intelr-coretm-i7-13620h-16gb-1tb-ssd-nvidiar-geforcer-rtx-4060-8gb-15-6-fhd-win11-jaeger-gray.html,In stock",Asus,Gaming,https://2b.com.eg/media/catalog/product/cache/661473ab953cdcdf4c3b607144109b90/z/u/zu325.jpg,In stock,https://2b.com.eg/en/asus-tuf-gaming-f15-fx507vv-lp156w-laptop-intelr-coretm-i7-13620h-16gb-1tb-ssd-nvidiar-geforcer-rtx-4060-8gb-15-6-fhd-win11-jaeger-gray.html,High/Extreme-High,"EGP 56,499.00 'High/Extreme-High'",-,Deal
"EGP 48,999.00",Lenovo LOQ 15IRX9,"Intel® Core™ i7-13650HX, 14C (6P + 8E) / 20T, P-core 2.6 / 4.9GHz, E-core 1.9 / 3.6GHz, 24MB",NVIDIA® GeForce RTX™ 4050 6GB GDDR6,16 GB,Unspecified,512GB SSD M.2 2242 PCIe® 4.0x4 NVMe,"15.6"" FHD (1920x1080)","Gaming,https://2b.com.eg/en/lenovo-loq-15irx9-laptop-intelr-coretm-i7-13650hx-16gb-512gb-ssd-nvidiar-geforce-rtxtm-4050-6gb-15-6-fhd-luna-grey.html,In stock",Lenovo,Gaming,https://2b.com.eg/media/catalog/product/cache/661473ab953cdcdf4c3b607144109b90/z/l/zl457-1_1.png,In stock,https://2b.com.eg/en/lenovo-loq-15irx9-laptop-intelr-coretm-i7-13650hx-16gb-512gb-ssd-nvidiar-geforce-rtxtm-4050-6gb-15-6-fhd-luna-grey.html,Medium,"EGP 48,999.00 'Medium'",-,Deal
"EGP 68,599.00",Lenovo LOQ 15ARP9,"AMD Ryzen™ 7 7435HS (8C / 16T, 3.1 / 4.5GHz, 4MB L2 / 16MB L3)",NVIDIA® GeForce RTX™ 4070 8GB GDDR6,24GB,Unspecified,1TB SSD M.2 2242 PCIe® 4.0x4 NVMe®,"15.6"" FHD (1920x1080)","Gaming,https://2b.com.eg/en/lenovo-loq-15arp9-laptop-amd-ryzen-7-7435hs-24gb-1tb-ssd-nvidiar-geforcer-rtx-4070-8gb-15-6-fhd-win-11-gray.html,In stock Only 1 left",Lenovo,Gaming,https://2b.com.eg/media/catalog/product/cache/661473ab953cdcdf4c3b607144109b90/z/l/zl829-1.jpg,In stock Only 1 left,https://2b.com.eg/en/lenovo-loq-15arp9-laptop-amd-ryzen-7-7435hs-24gb-1tb-ssd-nvidiar-geforcer-rtx-4070-8gb-15-6-fhd-win-11-gray.html,High/Extreme-High,"EGP 68,599.00 'High/Extreme-High'",-,Deal
"EGP 49,999.00",HP Victus fb0034ne,"AMD Ryzen™ 7 5800H (up to 4.4 GHz max boost clock, 16 MB L3 cache, 8 cores, 16 threads",NVIDIA® GeForce RTX™ 3050 Laptop GPU (4 GB GDDR6 dedicated),16 GB,Unspecified,512GB SSD,"15.6"" FHD 1920 x 1080, 144 Hz","Gaming,https://2b.com.eg/en/hp-victus-15-fb0034ne-amd-ryzentm-7-5800h-16gb-512gb-ssd-nvidiar-geforce-rtxtm-3050-4gb-15-6-fhd-win11-mica-silver.html,In stock",HP,Gaming,https://2b.com.eg/media/catalog/product/cache/661473ab953cdcdf4c3b607144109b90/z/h/zh417-1-2b_1_2.jpg,In stock,https://2b.com.eg/en/hp-victus-15-fb0034ne-amd-ryzentm-7-5800h-16gb-512gb-ssd-nvidiar-geforce-rtxtm-3050-4gb-15-6-fhd-win11-mica-silver.html,Medium,"EGP 49,999.00 'Medium'",-,Deal
"EGP 55,599.00",HP Victus 16–R0046ne,"13 Gen Intel® Core™ i7-13700H (up to 5.0 GHz with Intel® Turbo Boost Technology, 24 MB L3 cache, 14 cores, 20 threads)",NVIDIA® GeForce RTX™ 4050 Laptop GPU (6 GB GDDR6 dedicated),16 GB,Unspecified,1 TB PCIe® Gen4 NVMe™ M.2 SSD,"(16.1"") FHD (1920 x 1080)","Gaming,https://2b.com.eg/en/hp-victus-16-r0046ne-laptop-intelr-coretm-i7-13700h-16gb-1tb-ssd-nvidiar-geforce-rtxtm-4050-6gb-16-1-fhd-performance-blue.html,In stock",HP,Gaming,https://2b.com.eg/media/catalog/product/cache/661473ab953cdcdf4c3b607144109b90/z/h/zh430_1.png,In stock,https://2b.com.eg/en/hp-victus-16-r0046ne-laptop-intelr-coretm-i7-13700h-16gb-1tb-ssd-nvidiar-geforce-rtxtm-4050-6gb-16-1-fhd-performance-blue.html,High/Extreme-High,"EGP 55,599.00 'High/Extreme-High'",-,Deal
"EGP 49,999.00",HP Victus 15-fa1097ne,"13 Gen Intel® Core™ i7-13700H (up to 5.0 GHz with Intel® Turbo Boost Technology, 24 MB L3 cache, 14 cores, 20 threads)",NVIDIA® GeForce RTX™ 4050 6GB,16 GB,Unspecified,512GB SSD,15.6 FHD ( 1920 x 1080 ),"Gaming,https://2b.com.eg/en/hp-victus-15-fa1097ne-laptop-intelr-coretm-i7-13700h-16gb-512-gb-ssd-nvidiar-geforce-rtxtm-4050-6gb-15-6-fhd-silver.html,In stock",HP,Gaming,https://2b.com.eg/media/catalog/product/cache/661473ab953cdcdf4c3b607144109b90/z/h/zh429-new.png,In stock,https://2b.com.eg/en/hp-victus-15-fa1097ne-laptop-intelr-coretm-i7-13700h-16gb-512-gb-ssd-nvidiar-geforce-rtxtm-4050-6gb-15-6-fhd-silver.html,Medium,"EGP 49,999.00 'Medium'",-,Deal
"EGP 59,999.00",HP Victus16-R0047nia,"13 Gen Intel® Core™ i7-13700H (up to 5.0 GHz with Intel® Turbo Boost Technology, 24 MB L3 cache, 14 cores, 20 threads)",NVIDIA® GeForce RTX 4060 8GB,16 GB,Unspecified,1 TB PCIe® Gen4 NVMe™ M.2 SSD,16.1 FHD (1920 x 1080),"Gaming,https://2b.com.eg/en/hp-victus-16-r0047nia-laptop-intelr-coretm-i7-13700h-16gb-1tb-ssd-nvidiar-geforce-rtx-4060-8gb-16-1-fhd-blue.html,In stock",HP,Gaming,https://2b.com.eg/media/catalog/product/cache/661473ab953cdcdf4c3b607144109b90/z/h/zh514-1.jpg,In stock,https://2b.com.eg/en/hp-victus-16-r0047nia-laptop-intelr-coretm-i7-13700h-16gb-1tb-ssd-nvidiar-geforce-rtx-4060-8gb-16-1-fhd-blue.html,High/Extreme-High,"EGP 59,999.00 'High/Extreme-High'",-,Deal
"EGP 52,499.00",ASUS TUF Gaming A15 FA507NVR-LP007W,"AMD Ryzen™ 7 7435HS Mobile Processor 3.1GHz (20MB Cache, up to 4.5 GHz, 8 cores, 16 Threads)",NVIDIA® GeForce RTX™ 4060 Laptop GPU,16 GB,Unspecified,M.2 PCIe 512GB,"15.6"" FHD (1920x1080)","Gaming,https://2b.com.eg/en/asus-tuf-gaming-a15-fa507nvr-lp007w-laptop-amd-ryzen-7-7435hs-16gb-512gb-ssd-nvidiar-geforcer-rtx-4060-8gb-15-6-fhd-win11-off-grey.html,In stock",Asus,Gaming,https://2b.com.eg/media/catalog/product/cache/661473ab953cdcdf4c3b607144109b90/z/u/zu435_1_1.png,In stock,https://2b.com.eg/en/asus-tuf-gaming-a15-fa507nvr-lp007w-laptop-amd-ryzen-7-7435hs-16gb-512gb-ssd-nvidiar-geforcer-rtx-4060-8gb-15-6-fhd-win11-off-grey.html,High/Extreme-High,"EGP 52,499.00 'High/Extreme-High'",-,Deal
"EGP 49,999.00",ASUS TUF Gaming F15 FX507VU-LP163W,"13th Intel® Core™ i7-13620H Processor 24M Cache, up to 4.90 GHz",NVIDIA® GeForce® RTX™ 4050 6GB,16 GB,Unspecified,512GB PCIe® 4.0 NVMe™ M.2 SSD,"15.6"" FHD","Gaming,https://2b.com.eg/en/asus-tuf-gaming-f15-fx507vu-lp163w-laptop-intelr-coretm-i7-13620h-16gb-512gb-ssd-nvidiar-geforcer-rtxtm-4050-6gb-15-6-fhd-win11-jaeger-gray.html,In stock",Asus,Gaming,https://2b.com.eg/media/catalog/product/cache/661473ab953cdcdf4c3b607144109b90/z/u/zu412-1.png,In stock,https://2b.com.eg/en/asus-tuf-gaming-f15-fx507vu-lp163w-laptop-intelr-coretm-i7-13620h-16gb-512gb-ssd-nvidiar-geforcer-rtxtm-4050-6gb-15-6-fhd-win11-jaeger-gray.html,Medium,"EGP 49,999.00 'Medium'",-,Deal
"EGP 66,999.00",HP Victus 16-R0027ne,"13 Gen Intel® Core™ i7-13700H (up to 5.0 GHz with Intel® Turbo Boost Technology, 24 MB L3 cache, 14 cores, 20 threads)",NVIDIA® GeForce RTX 4070 8GB,16 GB,Unspecified,1TB SSD,16.1 FHD (1920 x 1080),"Gaming,https://2b.com.eg/en/hp-victus-16-r0027ne-laptop-intelr-coretm-i7-13700h-16gb-1tb-ssd-nvidiar-geforce-rtx-4070-8gb-16-1-fhd-mica-silver.html,In stock",HP,Gaming,https://2b.com.eg/media/catalog/product/cache/661473ab953cdcdf4c3b607144109b90/z/h/zh515-1.jpg,In stock,https://2b.com.eg/en/hp-victus-16-r0027ne-laptop-intelr-coretm-i7-13700h-16gb-1tb-ssd-nvidiar-geforce-rtx-4070-8gb-16-1-fhd-mica-silver.html,High/Extreme-High,"EGP 66,999.00 'High/Extreme-High'",-,Deal
"EGP 39,299.00",MSI Thin 15 B13UC,"13 Gen Intel® Core9S7-16R831-2615i7-13620H Processor 24M Cache, up to 4.90 GHz",NVIDIA® GeForce RTX™ 3050 Laptop GPU 4GB GDDR6,16 GB,Unspecified,512GB NVMe PCIe SSD,"15.6"" FHD (1920x1080)","Gaming,https://2b.com.eg/en/msi-thin-15-b13uc-laptop-intelr-coretm-i7-13620h-16gb-512gb-ssd-nvidiar-geforce-rtx-3050-4gb-15-6-fhd-gray.html,In stock",MSI,Gaming,https://2b.com.eg/media/catalog/product/cache/661473ab953cdcdf4c3b607144109b90/z/m/zm990.jpg,In stock,https://2b.com.eg/en/msi-thin-15-b13uc-laptop-intelr-coretm-i7-13620h-16gb-512gb-ssd-nvidiar-geforce-rtx-3050-4gb-15-6-fhd-gray.html,Medium,"EGP 39,299.00 'Medium'",-,Deal
"EGP 38,999.00",HP Victus 15-FA0025NR,"12th Gen Intel® Core™ i5-12500H (up to 4.5 GHz with Intel® Turbo Boost Technology, 18 MB L3 cache, 12 cores, 16 threads)",NVIDIA® GeForce® RTX 3050 4GB,8 GB,Unspecified,512GB PCIe® NVMe™ M.2 SSD,"15.6"" FHD (1920 x 1080)","Gaming,https://2b.com.eg/en/hp-victus-15-fa0025nr-laptop-intelr-core-i5-12500h-8gb-512gb-ssd-nvidiar-geforcer-rtx-3050-4gb-15-6-fhd-win11-mica-silver.html,In stock Only 1 left",HP,Gaming,https://2b.com.eg/media/catalog/product/cache/661473ab953cdcdf4c3b607144109b90/z/h/zh414-1-2b_1.jpg,In stock Only 1 left,https://2b.com.eg/en/hp-victus-15-fa0025nr-laptop-intelr-core-i5-12500h-8gb-512gb-ssd-nvidiar-geforcer-rtx-3050-4gb-15-6-fhd-win11-mica-silver.html,Medium,"EGP 38,999.00 'Medium'",-,Deal
"EGP 37,499.00",ASUS TUF Gaming A15 FA506NCR-HN007W,AMD Ryzen™ 7-7435HS,NVIDIA® GeForce® RTX™ 3050 4GB,8 GB,Unspecified,512GB PCIe® 4.0 NVMe™ M.2 SSD,15.6'' FHD,"Gaming,https://2b.com.eg/en/asus-tuf-gaming-a15-fa506ncr-hn007w-laptop-amd-ryzentm-7-7435hs-8gb-512gb-ssd-nvidiar-geforcer-rtxtm-3050-4gb-15-6-fhd-win11-off-black.html,In stock",Asus,Gaming,https://2b.com.eg/media/catalog/product/cache/661473ab953cdcdf4c3b607144109b90/z/u/zu915-1.png,In stock,https://2b.com.eg/en/asus-tuf-gaming-a15-fa506ncr-hn007w-laptop-amd-ryzentm-7-7435hs-8gb-512gb-ssd-nvidiar-geforcer-rtxtm-3050-4gb-15-6-fhd-win11-off-black.html,Medium,"EGP 37,499.00 'Medium'",-,Deal
"EGP 69,999.00",HP Victus 16-r0068ne,"13 Gen Intel® Core™Intel® Core™ i7-13700H (up to 5.0 GHz with Intel® Turbo Boost Technology, 24 MB L3 cache, 14 cores, 20 threads)",NVIDIA® GeForce RTX™ 4060 8GB GDDR6,16 GB,Unspecified,1TB SSD,"16"" QHD 2560 x 1440","Gaming,https://2b.com.eg/en/hp-victus-16-r0068ne-laptop-intelr-coretm-i7-13700h-16gb-1tb-ssd-nvidiar-geforce-rtx-4060-8gb-16-qhd-win11-blue.html,In stock",HP,Gaming,https://2b.com.eg/media/catalog/product/cache/661473ab953cdcdf4c3b607144109b90/z/h/zh465.jpg,In stock,https://2b.com.eg/en/hp-victus-16-r0068ne-laptop-intelr-coretm-i7-13700h-16gb-1tb-ssd-nvidiar-geforce-rtx-4060-8gb-16-qhd-win11-blue.html,High/Extreme-High,"EGP 69,999.00 'High/Extreme-High'",-,Deal
"EGP 61,999.00",HP Victus 16-R0043NE,"13 Gen Intel® Core™ i7-13700H (up to 5.0 GHz with Intel® Turbo Boost Technology, 24 MB L3 cache, 14 cores, 20 threads)",NVIDIA® GeForce RTX™ 4060 Laptop GPU 8 GB GDDR6,16 GB,Unspecified,1 TB PCIe® Gen4 NVMe™ M.2 SSD,16.1 FHD (1920 x 1080),"Gaming,https://2b.com.eg/en/hp-victus-16-r0043ne-laptop-intelr-coretm-i7-13700h-16gb-1tb-ssd-nvidiar-geforce-rtx-4060-8gb-16-1-fhd-blue.html,In stock Only 4 left",HP,Gaming,https://2b.com.eg/media/catalog/product/cache/661473ab953cdcdf4c3b607144109b90/z/h/zh430_1_1.png,In stock Only 4 left,https://2b.com.eg/en/hp-victus-16-r0043ne-laptop-intelr-coretm-i7-13700h-16gb-1tb-ssd-nvidiar-geforce-rtx-4060-8gb-16-1-fhd-blue.html,High/Extreme-High,"EGP 61,999.00 'High/Extreme-High'",-,Deal
"EGP 52,899.00",HP Victus 15-fa1109ne,"13th Gen Intel® Core™ i7-13700H Processor 24M Cache, up to 5 GHz",NVIDIA® GeForce RTX 4050 6GB GDDR6,16 GB,Unspecified,512GB SSD,15.6 FHD ( 1920 x 1080 ),"Gaming,https://2b.com.eg/en/hp-victus-15-fa1109ne-laptop-intelr-core-i7-13700h-16gb-512gb-ssd-nvidiar-geforce-rtx-3050-6gb-15-6-fhd-win11-blue.html,In stock",HP,Gaming,https://2b.com.eg/media/catalog/product/cache/661473ab953cdcdf4c3b607144109b90/z/h/zh450-new-6_1.png,In stock,https://2b.com.eg/en/hp-victus-15-fa1109ne-laptop-intelr-core-i7-13700h-16gb-512gb-ssd-nvidiar-geforce-rtx-3050-6gb-15-6-fhd-win11-blue.html,High/Extreme-High,"EGP 52,899.00 'High/Extreme-High'",-,Deal
"EGP 74,999.00",HP Victus 16-r0059wm,"13 Gen Intel® Core™ i7-13700H (up to 5.0 GHz with Intel® Turbo Boost Technology, 24 MB L3 cache, 14 cores, 20 threads)",NVIDIA® GeForce RTX™ 4060 Laptop GPU (8 GB GDDR6 dedicated),16 GB,Unspecified,1 TB PCIe® Gen4 NVMe™ M.2 SSD,(16.1) FHD (1920 x 1080),"Gaming,https://2b.com.eg/en/hp-victus-16-r0059wm-laptop-intelr-coretm-i7-13700h-16gb-1tb-ssd-nvidiar-geforce-rtxtm-4060-8gb-16-1-fhd-mica-silver.html,In stock Only 1 left",HP,Gaming,https://2b.com.eg/media/catalog/product/cache/661473ab953cdcdf4c3b607144109b90/z/h/zh445-1_1_1.png,In stock Only 1 left,https://2b.com.eg/en/hp-victus-16-r0059wm-laptop-intelr-coretm-i7-13700h-16gb-1tb-ssd-nvidiar-geforce-rtxtm-4060-8gb-16-1-fhd-mica-silver.html,High/Extreme-High,"EGP 74,999.00 'High/Extreme-High'",-,Deal
"EGP 157,999.00",HP OMEN 16-wf0004ne,"Intel® Core™ i7-13700HX Processor 30M Cache, up to 5.00 GHz",NVIDIA® GeForce RTX™ 4080 12GB GDDR6,32 GB,Unspecified,1TB SSD,"16.1"" QHD (2560 x 1440)","Gaming,https://2b.com.eg/en/hp-omen-16-wf0004ne-laptop-intelr-coretm-i7-13700hx-32gb-1tb-ssd-nvidiar-geforce-rtx-4080-12gb-16-1-qhd-win11-black.html,In stock Only 2 left",HP,Gaming,https://2b.com.eg/media/catalog/product/cache/661473ab953cdcdf4c3b607144109b90/z/h/zh470.jpg,In stock Only 2 left,https://2b.com.eg/en/hp-omen-16-wf0004ne-laptop-intelr-coretm-i7-13700hx-32gb-1tb-ssd-nvidiar-geforce-rtx-4080-12gb-16-1-qhd-win11-black.html,High/Extreme-High,"EGP 157,999.00 'High/Extreme-High'",-,Deal
"EGP 31,999.00",Dell G15-5515,"AMD® Ryzen™ 7 5800H Mobile (20 MB total cache, 8 cores, 16 threads)",NVIDIA® GeForce RTX™ 3050 4GB,8 GB,Unspecified,"512 GB, M.2, PCIe NVMe, SSD","15.6"", FHD 1920x1080","Gaming,https://2b.com.eg/en/dell-g15-5515-amd-ryzentm-7-5800h-8gb-512gb-ssd-nvidiar-geforce-rtxtm-3050-4gb-15-6-fhd-phantom-grey.html,Out Of Stock",Dell,Gaming,https://2b.com.eg/media/catalog/product/cache/661473ab953cdcdf4c3b607144109b90/z/d/zd089-1n-2b.jpg,Out Of Stock,https://2b.com.eg/en/dell-g15-5515-amd-ryzentm-7-5800h-8gb-512gb-ssd-nvidiar-geforce-rtxtm-3050-4gb-15-6-fhd-phantom-grey.html,Low,"EGP 31,999.00 'Low'",-,Deal
